file,line,decl,denominator,class_hint,statement
DifferentialGeometry/Analysis/Calculus/SmoothMax.lean,128,Real.smoothMax.div,a,exact-value,smoothMax (ε / a) (x / a) (y / a) = smoothMax ε x y / a
DifferentialGeometry/Analysis/Calculus/SmoothTransition.lean,247,Real.smoothAbs.div,a,exact-value,smoothAbs (ε / a) (x / a) = smoothAbs ε x / a
DifferentialGeometry/Analysis/Integration/Integral/HalfPlaneLaplacian.lean,37,DifferentialGeometry.Analysis.boundaryCutoff_fderiv,ε,exact-value,fderiv ℝ (boundaryCutoff ε) z = (-deriv CutoffProfile.value (z.im / ε) / ε) • Complex.imCLM
DifferentialGeometry/Analysis/Integration/Integral/HalfPlaneLaplacian.lean,48,DifferentialGeometry.Analysis.boundaryCutoff_laplacian,ε,exact-value,Laplacian.laplacian (boundaryCutoff ε) z = -deriv (deriv CutoffProfile.value) (z.im / ε) / ε ^ 2
DifferentialGeometry/Analysis/Integration/Lp/SpatialSteklov.lean,181,MeasureTheory.Lp.coeFn_spatialSteklovAverage,h,exact-value,"spatialSteklovAverage v h u =ᵐ[ν] fun z => h⁻¹ * ∫ r in (0 : ℝ)..h, u (z.1, z.2 + r • v)"
DifferentialGeometry/Analysis/Matrix/SqrtDeterminantScaling.lean,24,Matrix.sqrt_det_mul_inv_sq_smul,r,exact-value,Real.sqrt ((r ^ 2 • G).det) * ((r ^ 2 • G)⁻¹) i j = (|r| ^ Fintype.card ι / r ^ 2) * (Real.sqrt G.det * G⁻¹ i j)
DifferentialGeometry/Analysis/Matrix/SqrtDeterminantScaling.lean,32,Matrix.sqrt_det_mul_inv_sq_smul_of_nonneg,r,exact-value,Real.sqrt ((r ^ 2 • G).det) * ((r ^ 2 • G)⁻¹) i j = (r ^ Fintype.card ι / r ^ 2) * (Real.sqrt G.det * G⁻¹ i j)
DifferentialGeometry/Analysis/ODE/QuadraticLevelScaling.lean,103,DifferentialGeometry.Analysis.ODE.quadraticRadialCurve_eq_quadraticLevelScaling,α,exact-value,quadraticRadialCurve (-α⁻¹) x (a - t) = quadraticLevelScaling a c x t
DifferentialGeometry/Analysis/Parabolic/Euclidean/BallInterior/LocalSource.lean,1574,DifferentialGeometry.Analysis.Parabolic.Euclidean.parabolicNondivergenceBufferedBallInteriorConst_eq_data_add_gauge,epsilon,exact-value,parabolicVariableCoefficientBallInteriorAbsorbedSchauderConst a p0 hA alpha aTime t₀ t₁ bTime center hr hrR (Ksource + bufferedParabolicLowerOrderInterpolationH
DifferentialGeometry/Analysis/Parabolic/MaximumPrinciple/Scalar/IntervalReaction.lean,196,DifferentialGeometry.Analysis.Parabolic.deriv_intervalCutoff,R,exact-value,deriv (intervalCutoff R) = fun x => -4 * x / R ^ 2 * (1 - (x / R) ^ 2)
DifferentialGeometry/Analysis/Parabolic/Moser/BombieriGiusti/Basic.lean,44,DifferentialGeometry.Analysis.Parabolic.Moser.bombieriGiustiExponent_inv_sub,p₀,exact-value,1 / bombieriGiustiExponent p₀ c₀ β - 1 / p₀ = β / (2 * Real.log (β / (2 * c₀)))
DifferentialGeometry/Analysis/Parabolic/Moser/BombieriGiusti/Basic.lean,366,DifferentialGeometry.Analysis.Parabolic.Moser.bombieriGiustiThreshold_eq_max_pow,p₀,exact-value,bombieriGiustiThreshold p₀ c₀ reverseCost = max (32 * c₀ * reverseCost ^ 4) (8 * Real.log 2 / p₀)
DifferentialGeometry/Analysis/Parabolic/Moser/FixedMetric/LocalBoundedness.lean,79,DifferentialGeometry.Analysis.Parabolic.Moser.moserLocalBoundFactor_eq_exp,p₀,exact-value,moserLocalBoundFactor (I := I) (M := M) g hdim rho p₀ a τ t₁ = Real.exp (((parabolicMoserDecay (Module.finrank ℝ E) * Real.log (max 1 (localizedSobolevConstant 
DifferentialGeometry/Analysis/Parabolic/TimeSobolev/Steklov.lean,137,DifferentialGeometry.Analysis.Parabolic.TimeSobolev.exists_timeH1_cutoff_steklovAverage_timeL2,h,property,"timeH1 X T, w.initial = 0 ∧ (∀ t ∈ Icc (0 : ℝ) T, w.toFun t = ζ t • steklovAverage h ((Icc (0 : ℝ) T).indicator u) t) ∧ w.deriv =ᵐ[timeMeasure T] (fun t => _roo"
DifferentialGeometry/Analysis/Parabolic/TimeSobolev/SteklovEnergy.lean,52,DifferentialGeometry.Analysis.Parabolic.TimeSobolev.integral_timeL2_indicator_weight_diffQuot,s,exact-value,"(∫ t, ζ t * B (u t) (s⁻¹ • ((Icc (0 : ℝ) T).indicator u (t + s) - (Icc (0 : ℝ) T).indicator u t)) ∂timeMeasure T) = ∫ t, ζ t * B ((Icc (0 : ℝ) T).indicator u t)"
DifferentialGeometry/Analysis/Parabolic/TimeSobolev/H1/Approximation/Ramp.lean,39,DifferentialGeometry.Analysis.Parabolic.TimeSobolev.timeH1.rampUp_apply,T,exact-value,(rampUp T z).toFun t = (t / T) • z
DifferentialGeometry/Analysis/Parabolic/TimeSobolev/H1/Approximation/Ramp.lean,45,DifferentialGeometry.Analysis.Parabolic.TimeSobolev.timeH1.rampDown_apply,T,exact-value,(rampDown T z).toFun t = ((T - t) / T) • z
DifferentialGeometry/Analysis/Sobolev/Interpolation/Cylinder.lean,25,DifferentialGeometry.Analysis.Sobolev.fderiv_affineCylinderInterpolation,h,exact-value,fderiv ℝ (affineCylinderInterpolation h a b) z = (1 - z.1 / h) • ((fderiv ℝ a z.2).comp (snd ℝ ℝ ℝ)) + (0 - h⁻¹ • fst ℝ ℝ ℝ).smulRight (a z.2) + ((z.1 / h) • ((
DifferentialGeometry/Analysis/Sobolev/Interpolation/Cylinder.lean,39,DifferentialGeometry.Analysis.Sobolev.fderiv_affineCylinderInterpolation_fst,h,exact-value,"fderiv ℝ (affineCylinderInterpolation h a b) z (1, 0) = h⁻¹ • (b z.2 - a z.2)"
DifferentialGeometry/Analysis/Sobolev/Interpolation/Cylinder.lean,50,DifferentialGeometry.Analysis.Sobolev.fderiv_affineCylinderInterpolation_snd,h,exact-value,"fderiv ℝ (affineCylinderInterpolation h a b) z (0, 1) = (1 - z.1 / h) • deriv a z.2 + (z.1 / h) • deriv b z.2"
DifferentialGeometry/External/ClassificationOfSurfaces/Moise/LineSubdivision.lean,387,LeanEval.Topology.ClassificationOfSurfaces.Moise.referenceOuterAffine_planePoint,a,exact-value,referenceOuterAffine a b (planePoint x y) = a⁻¹ * x + b⁻¹ * y - 1
DifferentialGeometry/External/ClassificationOfSurfaces/Moise/LineSubdivision.lean,387,LeanEval.Topology.ClassificationOfSurfaces.Moise.referenceOuterAffine_planePoint,b,exact-value,referenceOuterAffine a b (planePoint x y) = a⁻¹ * x + b⁻¹ * y - 1
DifferentialGeometry/External/DeGiorgi/Supersolutions/InverseIteration.lean,440,DeGiorgi.superIterNormInv_zero,p₀,exact-value,"superIterNormInv (d := d) (u := u) p₀ 0 = (∫ x in Metric.ball (0 : E) 1, |(u x)⁻¹| ^ p₀ ∂volume) ^ (1 / p₀)"
DifferentialGeometry/External/DeGiorgi/Supersolutions/StageOne.lean,176,DeGiorgi.superIterNormFwd_zero,p₀,exact-value,"superIterNormFwd (d := d) (u := u) p₀ 0 = (∫ x in Metric.ball (0 : E) 1, |u x| ^ p₀ ∂volume) ^ (1 / p₀)"
DifferentialGeometry/External/DeGiorgi/UnitBallApproximationCore/Rescaling.lean,28,DeGiorgi.unitBallDilate_apply,lam,exact-value,unitBallDilate (d := d) lam u x = u (lam⁻¹ • x)
DifferentialGeometry/Geometry/Comparison/Variation/RadialIndex.lean,57,DifferentialGeometry.Geometry.Riemannian.Variation.indexFormIntegrand_eq_of_radial_data,L,exact-value,"indexFormIntegrand (I := I) g γ W W t = (1 / L) ^ 2 - (t / L) ^ 2 * g.inner (γ t) ((riemannOp (LeviCivita (I := I) g) (γ t)) (V t) (mfderiv (𝓘(ℝ, ℝ)) I γ t (1 :"
DifferentialGeometry/Geometry/Curvature/HamiltonIveyRegion.lean,15,DifferentialGeometry.Geometry.Curvature.fixedHamiltonIveyBarrier_eq_hamiltonIveyBarrier,a,exact-value,fixedHamiltonIveyBarrier a X = hamiltonIveyBarrier a⁻¹ 0 X
DifferentialGeometry/Geometry/Exponential/Variation/Smoothness.lean,657,DifferentialGeometry.Geometry.Riemannian.Exponential.chartFlowVelocityCoordMap_apply,c,exact-value,"chartFlowVelocityCoordMap (I := I) α γ V₀ c p = (extChartAt I α (γ p.2), chartFiberCoord (I := I) α (TotalSpace.mk' E (E := (TangentSpace I : M → Type _)) (γ p."
DifferentialGeometry/Geometry/Flow/RicciFlow/Estimates/Distance/LocalCutoff.lean,25,DifferentialGeometry.PDE.RicciFlow.mul_sqrt_div_eq_sqrt_mul,n,exact-value,n * Real.sqrt (Λ / n) = Real.sqrt (n * Λ)
DifferentialGeometry/Geometry/Flow/RicciFlow/Extinction/CurveShortening/AreaEvolution/Basic.lean,64,DifferentialGeometry.PDE.RicciFlow.Extinction.CurveShortening.inv_mul_sub,t,exact-value,t⁻¹ * (a - c) = a * t⁻¹ - c * t⁻¹
DifferentialGeometry/Geometry/Flow/RicciFlow/Extinction/CurveShortening/AreaEvolution/Basic.lean,125,DifferentialGeometry.PDE.RicciFlow.Extinction.CurveShortening.areaExpansion,h,exact-value,((φz * Az - Iz) - (φx * Ax - Ix)) * h⁻¹ = φz * ((Az - Ax) / h) + Ax * ((φz - φx) / h) - P * h⁻¹
DifferentialGeometry/Geometry/Flow/RicciFlow/HamiltonHarnack/UhlenbeckBlockEvolution.lean,119,DifferentialGeometry.PDE.RicciFlow.hamilton_test_jets_of_pullback,τ,property,"totalNabla0SFun 1 (LeviCivita g) (W t) x = 0 ∧ (∀ X Y Z, totalNabla0SFun 2 (LeviCivita g) (U t) x ![X, Y, Z] = (1 / 2 : ℝ) * (Ric ![X, Y] * W t x (fun _ => Z) -"
DifferentialGeometry/Geometry/Flow/RicciFlow/Perelman/KappaSolutions/PointedNoncollapse.lean,505,DifferentialGeometry.PDE.RicciFlow.Perelman.KappaSolutions.pointedNC_sqrt_inverse_fourth,r,exact-value,Real.sqrt (1 / r ^ 4) = 1 / r ^ 2
DifferentialGeometry/Geometry/Flow/RicciFlow/Perelman/StandardSolution/TravelingPhaseCoefficients.lean,23,DifferentialGeometry.PDE.RicciFlow.traveling_phase_laplacian,T,exact-value,laplacianAt G s (DifferentialGeometry.Analysis.travelingBallPhase T x₀ r s) x = -laplacianAt G s (fun y : E3 => ‖y‖ ^ 2) x + (2 * (s / T)) * laplacianAt G s (fu
DifferentialGeometry/Geometry/Flow/RicciFlow/Surgery/StandardCap/ConformalAsymptotics.lean,71,DifferentialGeometry.PDE.RicciFlow.StandardCap.exp_two_terminal,s,exact-value,Real.exp (-2 / s) = Real.exp (-1 / s) ^ 2
DifferentialGeometry/Geometry/Flow/RicciFlow/Surgery/StandardCap/TerminalAsymptotics.lean,27,DifferentialGeometry.PDE.RicciFlow.StandardCap.deficit_second_deriv_germ,s,exact-value,deriv (deriv terminalAngleDeficit) s = deriv terminalGermCoefficient s * expNegInvGlue s + terminalGermCoefficient s * (s⁻¹ ^ 2 * expNegInvGlue s)
DifferentialGeometry/Geometry/Flow/RicciFlow/Surgery/Topology/FiniteHorizonContinuation.lean,28,DifferentialGeometry.PDE.RicciFlow.Surgery.Topology.prefix_initial_budget,v,exact-value,(Nat.card (ConnectedComponents (K.stage 0).Carrier) : ℝ) + 2 * (Real.exp (C * B) * (riemannianVolumeMeasure ThreeModel (K.stage 0).Carrier (K.initialMetric 0) u
DifferentialGeometry/Geometry/Metric/Distance/Cutoff.lean,17,DifferentialGeometry.Analysis.mvfderiv_sublevelCutoff,R,exact-value,mvfderiv I (sublevelCutoff ρ R) x v = deriv CutoffProfile.value (ρ x / R) / R * mvfderiv I ρ x v
DifferentialGeometry/Geometry/Metric/RicciSoliton/ModelCoverScaling.lean,33,DifferentialGeometry.Geometry.roundSphereShrinkerRadius_two_div_sqrt,sigma,exact-value,roundSphereShrinkerRadius 2 / Real.sqrt sigma = Real.sqrt (2 / sigma)
DifferentialGeometry/Geometry/Neck/InsertionOrientation.lean,31,DifferentialGeometry.Geometry.Neck.controlledOrientation_buffered,δ,exact-value,Opens.inclusion (openCylinder_inv_le_bufferedCylinder δ) (controlledOrientation δ⁻¹ σ hσ q) = bufferedCylinderOrientation δ σ hσ (Opens.inclusion (openCylinder_
DifferentialGeometry/Tensor/LinearAlgebra/PlanarBilinear.lean,32,DifferentialGeometry.Analysis.radial_inverse_quadratic_energy,a,exact-value,a * (Q (B 1) (B 1) + Q (B Complex.I) (B Complex.I)) / 2 = (a * Q e e + a⁻¹ * Q (Complex.I * e) (Complex.I * e)) / 2
DifferentialGeometry/Topology/Embedding/CylinderCapRounding.lean,28,Diffeomorph.cylinderCapCoordinates_apply,a,exact-value,"cylinderCapCoordinates a p = ((Real.sqrt (Real.smoothMax (1 / 4) (1 / 2) (1 + (p.2 + a * (‖p.1‖ ^ 2 - 1)) / a)))⁻¹ • p.1, p.2 + a * (‖p.1‖ ^ 2 - 1))"
DifferentialGeometry/Topology/Embedding/CylinderCapRounding.lean,44,Diffeomorph.cylinderCapCoordinates_symm_apply,a,exact-value,"(cylinderCapCoordinates a).symm p = (Real.sqrt (Real.smoothMax (1 / 4) (1 / 2) (1 + p.2 / a)) • p.1, p.2 - a * (‖Real.sqrt (Real.smoothMax (1 / 4) (1 / 2) (1 + "
DifferentialGeometry/Topology/Embedding/CylinderCapRounding.lean,84,EuclideanGeometry.roundedCapRadiusSq_eq_of_neg_le,a,exact-value,roundedCapRadiusSq a ε w = 1 - w / a
DifferentialGeometry/Topology/Morse/BoundaryPerturbation.lean,94,DifferentialGeometry.Topology.Morse.chartHessianAt_boundaryMorsePerturbation,a,exact-value,chartHessianAt (boundaryMorsePerturbation c b a) (Fin.cons (a / 2) 0) = QuadraticMap.weightedSumSquares ℝ (Fin.cons (4 / a) (fun i => 2 * c i))
DifferentialGeometry/Topology/Morse/Attachment/ModelCell.lean,3679,DifferentialGeometry.Topology.Morse.CellAttachment.modelLevelDampedUnstretch_posPart,ε₀,exact-value,posPart hk (modelLevelDampedUnstretch hk ε r δ c η ε₀ y) = (1 + (Real.sqrt ((‖negPart hk y‖ ^ 2 + r ^ 2) / smoothCap ε r δ (‖negPart hk y‖ ^ 2)) - 1) * Real.smo
DifferentialGeometry/Topology/PiecewiseLinear/LayerAffineMap.lean,170,DifferentialGeometry.Topology.PiecewiseLinear.layerLowMap_eq_combo,σ',exact-value,layerLowMap σ' σ v₀ v₁ v₂ z = (1 - z.2 / σ' - (z.1 + z.2 - σ') / (σ - σ')) • v₀ + (z.2 / σ') • v₁ + ((z.1 + z.2 - σ') / (σ - σ')) • v₂
DifferentialGeometry/Topology/PiecewiseLinear/LayerAffineMap.lean,185,DifferentialGeometry.Topology.PiecewiseLinear.centralConeMap_eq_combo,σ,exact-value,centralConeMap σ vc v₁ v₂ z = (1 - z.1 / σ - z.2 / σ) • vc + (z.1 / σ) • v₁ + (z.2 / σ) • v₂
DifferentialGeometry/Topology/PiecewiseLinear/PrismHomotopy.lean,150,DifferentialGeometry.Topology.PiecewiseLinear.heightRescale_apply,h,exact-value,"heightRescale h z = (z.1, z.2 / h)"
DifferentialGeometry/Topology/PiecewiseLinear/PrismProdCollar.lean,18,DifferentialGeometry.Topology.PiecewiseLinear.heightRescaleProd_apply,h,exact-value,"heightRescaleProd h z = (z.1, z.2 / h)"
DifferentialGeometry/Topology/Planar/PolygonGraphCharts.lean,2132,Schoenflies.matched_profile_eq_smul_of_le_neg,d,exact-value,r * (s * (x - Real.smoothMax ε x 0) + Real.smoothMax ε x 0 / d - y) = r * (s * (x - Real.smoothMax ε x 0) - y)
DifferentialGeometry/Topology/Planar/PolygonGraphCharts.lean,2754,Schoenflies.removed_raw_threshold_eq,fc,exact-value,s * (x - max x 0) + max x 0 / fc = if x < 0 then s * x else x / fc
DifferentialGeometry/Topology/Planar/VertexRoundingProfile.lean,14,Schoenflies.affine_smoothCorner_vertex_coordinates,h,exact-value,e (smoothCorner σ p (h⁻¹ • (p - a)) (h⁻¹ • (b - p)) t) = Plane.mk ((t + (r - 1) * Real.smoothMax σ t 0) / h) (d * r * Real.smoothMax σ t 0 / h)
DifferentialGeometry/Topology/Planar/VertexRoundingProfile.lean,38,Schoenflies.affine_smoothCorner_vertex_coordinates_of_unit,h,exact-value,e (smoothCorner σ p (h⁻¹ • (p - a)) (h⁻¹ • (b - p)) t) = Plane.mk (t / h) (Real.smoothMax (σ / h) (t / h) 0)
DifferentialGeometry/Analysis/Elliptic/WithBoundary/DirichletNirenbergOperator.lean,189,DifferentialGeometry.Analysis.Laplacian.WithBoundary.Dirichlet.dirichletNirenbergTest_coeFn,h (via dirichletNirenbergTest),exact-value,(H1ComplDirichletToLp q (dirichletNirenbergTest q α hΩ hΩc hΩs hη hηc k h hηs u) : M → ℝ) =ᵐ[riemannianVolumeMeasure (I := I_hs) (M := M) q] chartPullback I_hs 
DifferentialGeometry/Analysis/Elliptic/WithBoundary/DirichletNirenbergOperator.lean,231,DifferentialGeometry.Analysis.Laplacian.WithBoundary.Dirichlet.dirichletLocalWeakPartialLp_dirichletNirenbergTest_coeFn,h (via dirichletNirenbergTest),exact-value,(dirichletLocalWeakPartialLp q α hΩ hΩc hΩs i (dirichletNirenbergTest q α hΩ hΩc hΩs hη hηc k h hηs u) : EuStd → ℝ) =ᵐ[volume.restrict Ω] chosenWeakPartialOrZer
DifferentialGeometry/Analysis/Elliptic/WithBoundary/DirichletNirenbergOperator.lean,278,DifferentialGeometry.Analysis.Laplacian.WithBoundary.Dirichlet.dirichletNirenbergTest_compLpL_coeFn,h (via dirichletNirenbergTest),exact-value,"∀ᵐ t ∂μ, (H1ComplDirichletToLp q ((dirichletNirenbergTest q α hΩ hΩc hΩs hη hηc k h hηs).compLpL 2 μ u t) : M → ℝ) =ᵐ[riemannianVolumeMeasure (I := I_hs) (M := "
DifferentialGeometry/Analysis/Integration/Integral/HalfPlaneLaplacian.lean,37,DifferentialGeometry.Analysis.boundaryCutoff_fderiv,ε (via boundaryCutoff),exact-value,fderiv ℝ (boundaryCutoff ε) z = (-deriv CutoffProfile.value (z.im / ε) / ε) • Complex.imCLM
DifferentialGeometry/Analysis/Integration/Integral/HalfPlaneLaplacian.lean,48,DifferentialGeometry.Analysis.boundaryCutoff_laplacian,ε (via boundaryCutoff),exact-value,Laplacian.laplacian (boundaryCutoff ε) z = -deriv (deriv CutoffProfile.value) (z.im / ε) / ε ^ 2
DifferentialGeometry/Analysis/Integration/Lp/SpatialSteklov.lean,181,MeasureTheory.Lp.coeFn_spatialSteklovAverage,h (via spatialSteklovAverage),exact-value,"spatialSteklovAverage v h u =ᵐ[ν] fun z => h⁻¹ * ∫ r in (0 : ℝ)..h, u (z.1, z.2 + r • v)"
DifferentialGeometry/Analysis/Integration/Lp/Steklov.lean,22,DifferentialGeometry.Analysis.Parabolic.TimeSobolev.steklovAverage_congr_ae,h (via steklovAverage),exact-value,steklovAverage h f t = steklovAverage h g t
DifferentialGeometry/Analysis/Integration/Lp/Steklov.lean,184,MeasureTheory.Lp.coeFn_steklovAverage,h (via steklovAverage),exact-value,steklovAverage h u =ᵐ[volume] fun t => DifferentialGeometry.Analysis.Parabolic.TimeSobolev.steklovAverage h u t
DifferentialGeometry/Analysis/Parabolic/Euclidean/BallInterior/LocalSource.lean,1574,DifferentialGeometry.Analysis.Parabolic.Euclidean.parabolicNondivergenceBufferedBallInteriorConst_eq_data_add_gauge,epsilon (via bufferedParabolicLowerOrderInterpolationHolderConst),exact-value,parabolicVariableCoefficientBallInteriorAbsorbedSchauderConst a p0 hA alpha aTime t₀ t₁ bTime center hr hrR (Ksource + bufferedParabolicLowerOrderInterpolationH
DifferentialGeometry/Analysis/Parabolic/Euclidean/BallInterior/LocalSource.lean,1574,DifferentialGeometry.Analysis.Parabolic.Euclidean.parabolicNondivergenceBufferedBallInteriorConst_eq_data_add_gauge,epsilon (via bufferedParabolicSpatialGradientInterpolationConst),exact-value,parabolicVariableCoefficientBallInteriorAbsorbedSchauderConst a p0 hA alpha aTime t₀ t₁ bTime center hr hrR (Ksource + bufferedParabolicLowerOrderInterpolationH
DifferentialGeometry/Analysis/Parabolic/Euclidean/BallInterior/LocalSource.lean,1574,DifferentialGeometry.Analysis.Parabolic.Euclidean.parabolicNondivergenceBufferedBallInteriorConst_eq_data_add_gauge,epsilon (via parabolicValueInterpolationConst),exact-value,parabolicVariableCoefficientBallInteriorAbsorbedSchauderConst a p0 hA alpha aTime t₀ t₁ bTime center hr hrR (Ksource + bufferedParabolicLowerOrderInterpolationH
DifferentialGeometry/Analysis/Parabolic/Euclidean/BallInterior/LocalSource.lean,1574,DifferentialGeometry.Analysis.Parabolic.Euclidean.parabolicNondivergenceBufferedBallInteriorConst_eq_data_add_gauge,epsilon (via bufferedParabolicLowerOrderInterpolationSupConst),exact-value,parabolicVariableCoefficientBallInteriorAbsorbedSchauderConst a p0 hA alpha aTime t₀ t₁ bTime center hr hrR (Ksource + bufferedParabolicLowerOrderInterpolationH
DifferentialGeometry/Analysis/Parabolic/Euclidean/BallInterior/LocalSource.lean,1574,DifferentialGeometry.Analysis.Parabolic.Euclidean.parabolicNondivergenceBufferedBallInteriorConst_eq_data_add_gauge,epsilon (via parabolicNondivergenceBufferedBallInteriorDataConst),exact-value,parabolicVariableCoefficientBallInteriorAbsorbedSchauderConst a p0 hA alpha aTime t₀ t₁ bTime center hr hrR (Ksource + bufferedParabolicLowerOrderInterpolationH
DifferentialGeometry/Analysis/Parabolic/Euclidean/Nondivergence/LowerOrder.lean,611,DifferentialGeometry.Analysis.Parabolic.Euclidean.bufferedParabolicLowerOrderInterpolationSupConst_add,epsilon (via bufferedParabolicLowerOrderInterpolationSupConst),exact-value,bufferedParabolicLowerOrderInterpolationSupConst Bb Bc epsilon (C₁ + C₂) (M₁ + M₂) = bufferedParabolicLowerOrderInterpolationSupConst Bb Bc epsilon C₁ M₁ + buff
DifferentialGeometry/Analysis/Parabolic/Euclidean/Nondivergence/LowerOrder.lean,625,DifferentialGeometry.Analysis.Parabolic.Euclidean.bufferedParabolicLowerOrderInterpolationSupConst_nnreal_mul,epsilon (via bufferedParabolicLowerOrderInterpolationSupConst),exact-value,bufferedParabolicLowerOrderInterpolationSupConst Bb Bc epsilon (d * C) (d * M) = d * bufferedParabolicLowerOrderInterpolationSupConst Bb Bc epsilon C M
DifferentialGeometry/Analysis/Parabolic/Euclidean/Nondivergence/LowerOrder.lean,637,DifferentialGeometry.Analysis.Parabolic.Euclidean.bufferedParabolicLowerOrderInterpolationHolderConst_add,epsilon (via bufferedParabolicLowerOrderInterpolationHolderConst),exact-value,bufferedParabolicLowerOrderInterpolationHolderConst Kb Bb Kc Bc epsilon delta alpha (C₁ + C₂) (M₁ + M₂) = bufferedParabolicLowerOrderInterpolationHolderConst Kb
DifferentialGeometry/Analysis/Parabolic/Euclidean/Nondivergence/LowerOrder.lean,656,DifferentialGeometry.Analysis.Parabolic.Euclidean.bufferedParabolicLowerOrderInterpolationHolderConst_nnreal_mul,epsilon (via bufferedParabolicLowerOrderInterpolationHolderConst),exact-value,bufferedParabolicLowerOrderInterpolationHolderConst Kb Bb Kc Bc epsilon delta alpha (d * C) (d * M) = d * bufferedParabolicLowerOrderInterpolationHolderConst Kb
DifferentialGeometry/Analysis/Parabolic/MaximumPrinciple/Scalar/IntervalReaction.lean,196,DifferentialGeometry.Analysis.Parabolic.deriv_intervalCutoff,R (via intervalCutoff),exact-value,deriv (intervalCutoff R) = fun x => -4 * x / R ^ 2 * (1 - (x / R) ^ 2)
DifferentialGeometry/Analysis/Parabolic/Moser/BombieriGiusti/Basic.lean,44,DifferentialGeometry.Analysis.Parabolic.Moser.bombieriGiustiExponent_inv_sub,p₀ (via bombieriGiustiExponent),exact-value,1 / bombieriGiustiExponent p₀ c₀ β - 1 / p₀ = β / (2 * Real.log (β / (2 * c₀)))
DifferentialGeometry/Analysis/Parabolic/Moser/BombieriGiusti/Basic.lean,366,DifferentialGeometry.Analysis.Parabolic.Moser.bombieriGiustiThreshold_eq_max_pow,p₀ (via bombieriGiustiThreshold),exact-value,bombieriGiustiThreshold p₀ c₀ reverseCost = max (32 * c₀ * reverseCost ^ 4) (8 * Real.log 2 / p₀)
DifferentialGeometry/Analysis/Parabolic/Moser/FixedMetric/LocalBoundedness.lean,79,DifferentialGeometry.Analysis.Parabolic.Moser.moserLocalBoundFactor_eq_exp,p₀ (via moserLocalBoundFactor),exact-value,moserLocalBoundFactor (I := I) (M := M) g hdim rho p₀ a τ t₁ = Real.exp (((parabolicMoserDecay (Module.finrank ℝ E) * Real.log (max 1 (localizedSobolevConstant 
DifferentialGeometry/Analysis/Parabolic/Moser/FixedMetric/LocalBoundedness.lean,193,DifferentialGeometry.Analysis.Parabolic.Moser.moserNormalizedMass_zero_eq_localizedSpacetimeRpowNorm,p (via localizedSpacetimeRpowNorm),exact-value,moserNormalizedMass (I := I) (M := M) n rho u p a τ t₁ 0 = localizedSpacetimeRpowNorm (I := I) (M := M) (spatialMoserCutoff rho 0) u p a t₁
DifferentialGeometry/Analysis/Parabolic/TimeSobolev/Steklov.lean,62,DifferentialGeometry.Analysis.Parabolic.TimeSobolev.steklovAverage_compLpL_timeL2,h (via steklovAverage),exact-value,steklovAverage h ((Icc (0 : ℝ) T).indicator (L.compLpL 2 (timeMeasure T) u)) t = L (steklovAverage h ((Icc (0 : ℝ) T).indicator u) t)
DifferentialGeometry/Analysis/Parabolic/TimeSobolev/Steklov.lean,83,DifferentialGeometry.Analysis.Parabolic.TimeSobolev.steklovAverage_indicator_Icc_right_eq_zero,h (via steklovAverage),exact-value,steklovAverage h ((Icc (0 : ℝ) T).indicator f) T = 0
DifferentialGeometry/Analysis/Parabolic/TimeSobolev/Steklov.lean,137,DifferentialGeometry.Analysis.Parabolic.TimeSobolev.exists_timeH1_cutoff_steklovAverage_timeL2,h (via steklovAverage),property,"timeH1 X T, w.initial = 0 ∧ (∀ t ∈ Icc (0 : ℝ) T, w.toFun t = ζ t • steklovAverage h ((Icc (0 : ℝ) T).indicator u) t) ∧ w.deriv =ᵐ[timeMeasure T] (fun t => _roo"
DifferentialGeometry/Analysis/Parabolic/TimeSobolev/Steklov.lean,219,DifferentialGeometry.Analysis.Parabolic.TimeSobolev.timeL2.coeFn_steklovAverage,h (via steklovAverage),exact-value,u.steklovAverage h =ᵐ[timeMeasure T] fun t => DifferentialGeometry.Analysis.Parabolic.TimeSobolev.steklovAverage h ((Icc (0 : ℝ) T).indicator u) t
DifferentialGeometry/Analysis/Parabolic/TimeSobolev/H1/Approximation/Ramp.lean,39,DifferentialGeometry.Analysis.Parabolic.TimeSobolev.timeH1.rampUp_apply,T (via rampUp),exact-value,(rampUp T z).toFun t = (t / T) • z
DifferentialGeometry/Analysis/Parabolic/TimeSobolev/H1/Approximation/Ramp.lean,45,DifferentialGeometry.Analysis.Parabolic.TimeSobolev.timeH1.rampDown_apply,T (via rampDown),exact-value,(rampDown T z).toFun t = ((T - t) / T) • z
DifferentialGeometry/Analysis/Parabolic/TimeSobolev/H1/Approximation/Trapezoid.lean,30,DifferentialGeometry.Analysis.Parabolic.TimeSobolev.timeH1.trapezoid_toFun_mid,L (via trapezoid),exact-value,(trapezoid L r).toFun t = 1
DifferentialGeometry/Analysis/Schauder/Holder/Interpolation.lean,404,DifferentialGeometry.Analysis.Schauder.parabolicValueInterpolationConst_add,epsilon (via parabolicValueInterpolationConst),exact-value,parabolicValueInterpolationConst epsilon alpha (C₁ + C₂) (M₁ + M₂) = parabolicValueInterpolationConst epsilon alpha C₁ M₁ + parabolicValueInterpolationConst eps
DifferentialGeometry/Analysis/Schauder/Holder/Interpolation.lean,412,DifferentialGeometry.Analysis.Schauder.parabolicValueInterpolationConst_nnreal_mul,epsilon (via parabolicValueInterpolationConst),exact-value,parabolicValueInterpolationConst epsilon alpha (c * C) (c * M) = c * parabolicValueInterpolationConst epsilon alpha C M
DifferentialGeometry/Analysis/Schauder/Holder/Interpolation.lean,813,DifferentialGeometry.Analysis.Schauder.bufferedParabolicSpatialGradientInterpolationConst_add,epsilon (via bufferedParabolicSpatialGradientInterpolationConst),exact-value,bufferedParabolicSpatialGradientInterpolationConst epsilon delta alpha (C₁ + C₂) (M₁ + M₂) = bufferedParabolicSpatialGradientInterpolationConst epsilon delta al
DifferentialGeometry/Analysis/Schauder/Holder/Interpolation.lean,825,DifferentialGeometry.Analysis.Schauder.bufferedParabolicSpatialGradientInterpolationConst_nnreal_mul,epsilon (via bufferedParabolicSpatialGradientInterpolationConst),exact-value,bufferedParabolicSpatialGradientInterpolationConst epsilon delta alpha (c * C) (c * M) = c * bufferedParabolicSpatialGradientInterpolationConst epsilon delta al
DifferentialGeometry/Analysis/Schauder/Holder/Interpolation.lean,843,DifferentialGeometry.Analysis.Schauder.bufferedParabolicC2HolderGaugeWithLowerJetsConst_eq_factor_mul,delta (via bufferedParabolicC2HolderGaugeWithLowerJetsConst),exact-value,bufferedParabolicC2HolderGaugeWithLowerJetsConst C delta = bufferedParabolicC2HolderGaugeWithLowerJetsFactor delta * C
DifferentialGeometry/Analysis/Schauder/Holder/Interpolation.lean,843,DifferentialGeometry.Analysis.Schauder.bufferedParabolicC2HolderGaugeWithLowerJetsConst_eq_factor_mul,delta (via bufferedParabolicC2HolderGaugeWithLowerJetsFactor),exact-value,bufferedParabolicC2HolderGaugeWithLowerJetsConst C delta = bufferedParabolicC2HolderGaugeWithLowerJetsFactor delta * C
DifferentialGeometry/Analysis/Sobolev/Interpolation/AnnulusEnergy.lean,41,DifferentialGeometry.Analysis.attachThinAnnulus_normalized_polar,h (via affineCylinderInterpolation),exact-value,"attachThinAnnulus u v r R h (Complex.polarCoord.symm (p.1, 2 * Real.pi * p.2 - Real.pi)) = (r ∘ affineCylinderInterpolation h (fun t => v (circleMap 0 R (2 * Re"
DifferentialGeometry/Analysis/Sobolev/Interpolation/Cylinder.lean,25,DifferentialGeometry.Analysis.Sobolev.fderiv_affineCylinderInterpolation,h (via affineCylinderInterpolation),exact-value,fderiv ℝ (affineCylinderInterpolation h a b) z = (1 - z.1 / h) • ((fderiv ℝ a z.2).comp (snd ℝ ℝ ℝ)) + (0 - h⁻¹ • fst ℝ ℝ ℝ).smulRight (a z.2) + ((z.1 / h) • ((
DifferentialGeometry/Analysis/Sobolev/Interpolation/Cylinder.lean,39,DifferentialGeometry.Analysis.Sobolev.fderiv_affineCylinderInterpolation_fst,h (via affineCylinderInterpolation),exact-value,"fderiv ℝ (affineCylinderInterpolation h a b) z (1, 0) = h⁻¹ • (b z.2 - a z.2)"
DifferentialGeometry/Analysis/Sobolev/Interpolation/Cylinder.lean,50,DifferentialGeometry.Analysis.Sobolev.fderiv_affineCylinderInterpolation_snd,h (via affineCylinderInterpolation),exact-value,"fderiv ℝ (affineCylinderInterpolation h a b) z (0, 1) = (1 - z.1 / h) • deriv a z.2 + (z.1 / h) • deriv b z.2"
DifferentialGeometry/Analysis/Sobolev/Tools/CutoffDiffQuotLp.lean,25,DifferentialGeometry.Analysis.Sobolev.cutoffDiffQuotLp_coeFn,h (via cutoffDiffQuotLp),exact-value,cutoffDiffQuotLp hΩ hη k h u =ᵐ[volume] fun x => η x * diffQuot k h u x
DifferentialGeometry/Analysis/Sobolev/Tools/CutoffDiffQuotLp.lean,61,DifferentialGeometry.Analysis.Sobolev.integral_sq_cutoffDiffQuotLp,h (via cutoffDiffQuotLp),exact-value,"(∫ x, (η x * diffQuot k h u x) ^ 2) = ‖cutoffDiffQuotLp hΩ hη k h u‖ ^ 2"
DifferentialGeometry/Analysis/Sobolev/Tools/DifferenceQuotientProductWeakLimit.lean,20,MeasureTheory.Lp.coeFn_spatialDiffQuot,h (via spatialDiffQuot),exact-value,"spatialDiffQuot k h u =ᵐ[μ.prod volume] fun p => DifferentialGeometry.Analysis.Sobolev.diffQuot k h (fun x => u (p.1, x)) p.2"
DifferentialGeometry/Analysis/Sobolev/Tools/DifferenceQuotientProductWeakLimit.lean,36,MeasureTheory.Lp.norm_spatialDiffQuot_eq,h (via spatialDiffQuot),exact-value,"‖spatialDiffQuot k h u‖ = (eLpNorm (fun p : Z × E => DifferentialGeometry.Analysis.Sobolev.diffQuot k h (fun x => u (p.1, x)) p.2) 2 (μ.prod volume)).toReal"
DifferentialGeometry/External/ClassificationOfSurfaces/Moise/LineSubdivision.lean,387,LeanEval.Topology.ClassificationOfSurfaces.Moise.referenceOuterAffine_planePoint,a/b (via referenceOuterAffine),exact-value,referenceOuterAffine a b (planePoint x y) = a⁻¹ * x + b⁻¹ * y - 1
DifferentialGeometry/External/DeGiorgi/MoserIteration/CutoffPrep/Profiles.lean,82,DeGiorgi.moserSmoothClip_eq_top_of_top_le,ε (via moserSmoothClip),exact-value,moserSmoothClip ε N t = N
DifferentialGeometry/External/DeGiorgi/UnitBallApproximationCore/Rescaling.lean,28,DeGiorgi.unitBallDilate_apply,lam (via unitBallDilate),exact-value,unitBallDilate (d := d) lam u x = u (lam⁻¹ • x)
DifferentialGeometry/External/Schoenflies/SquareMesh.lean,1097,Schoenflies.squareMesh_pointSet,δ (via meshCount),exact-value,Graph.pointSet (squareMesh δ fresh anchors) segmentDrawing = cover (meshSegments (meshCount δ) fresh)
DifferentialGeometry/Geometry/Exponential/GaussLemma/Pullback.lean,840,DifferentialGeometry.Geometry.Riemannian.gaussClamp_zero,δ (via gaussClamp),exact-value,gaussClamp δ 0 = 0
DifferentialGeometry/Geometry/Exponential/Variation/Smoothness.lean,657,DifferentialGeometry.Geometry.Riemannian.Exponential.chartFlowVelocityCoordMap_apply,c (via chartFlowVelocityCoordMap),exact-value,"chartFlowVelocityCoordMap (I := I) α γ V₀ c p = (extChartAt I α (γ p.2), chartFiberCoord (I := I) α (TotalSpace.mk' E (E := (TangentSpace I : M → Type _)) (γ p."
DifferentialGeometry/Geometry/Flow/RicciFlow/Extinction/CurveShortening/ProductGeometry.lean,30,DifferentialGeometry.PDE.RicciFlow.Extinction.CurveShortening.ProductCurve.verticalUnit_eq_coverVerticalUnit,lambda (via verticalUnit),exact-value,c.verticalUnit (I := I) lambda x t = coverVerticalUnit (I := I) lambda (c.coverLift x t)
DifferentialGeometry/Geometry/Flow/RicciFlow/Extinction/CurveShortening/ProductGeometry.lean,30,DifferentialGeometry.PDE.RicciFlow.Extinction.CurveShortening.ProductCurve.verticalUnit_eq_coverVerticalUnit,lambda (via coverVerticalUnit),exact-value,c.verticalUnit (I := I) lambda x t = coverVerticalUnit (I := I) lambda (c.coverLift x t)
DifferentialGeometry/Geometry/Flow/RicciFlow/Perelman/CanonicalNeighborhood/SpatialNeckWitnessConversion.lean,110,DifferentialGeometry.PDE.RicciFlow.Perelman.CanonicalNeighborhood.FiniteHorn.spatialNeck_normalized_error,eps (via spatialNeckBuffer),exact-value,metricTensorField (spatialNeckNormalizedMetric g p nk.Q_pos hemb) - metricTensorField (unitCylinderMetric.restrictOpen (spatialNeckBuffer eps)) = restrictOpen0S
DifferentialGeometry/Geometry/Flow/RicciFlow/Perelman/CanonicalNeighborhood/SpatialNeckWitnessConversion.lean,144,DifferentialGeometry.PDE.RicciFlow.Perelman.CanonicalNeighborhood.FiniteHorn.spatialNeck_normalized_derivNorm,eps (via spatialNeckBuffer),exact-value,metricDerivNorm a (spatialNeckNormalizedMetric g p nk.Q_pos hemb) (unitCylinderMetric.restrictOpen (spatialNeckBuffer eps)) (unitCylinderMetric.restrictOpen (sp
DifferentialGeometry/Geometry/Flow/RicciFlow/Perelman/CanonicalNeighborhood/StrongNeckModel.lean,23,DifferentialGeometry.PDE.RicciFlow.Perelman.strongNeckBackgroundMetric_eq_reference,epsilon (via spatialNeckBuffer),exact-value,strongNeckBackgroundMetric epsilon s = (cylinderReferenceMetric s).restrictOpen (spatialNeckBuffer epsilon)
DifferentialGeometry/Geometry/Flow/RicciFlow/Perelman/KappaSolutions/CylindricalComparisonRestriction.lean,57,DifferentialGeometry.PDE.RicciFlow.Perelman.KappaSolutions.restrictedCylinderTensor_norm,epsilon (via spatialNeckBuffer),exact-value,tensor02CovDerivNormWith a (restrictedCylinderTensor e epsilon A) ((DifferentialGeometry.Diffeomorph.pullbackMetricCross g e).restrictOpen (spatialNeckBuffer ep
DifferentialGeometry/Geometry/Flow/RicciFlow/Perelman/KappaSolutions/SpatialNeckReflection.lean,82,DifferentialGeometry.PDE.RicciFlow.Perelman.KappaSolutions.spatialNeckReflection_image_core,epsilon (via spatialNeckClosedCore),exact-value,spatialNeckReflection epsilon '' spatialNeckClosedCore epsilon = spatialNeckClosedCore epsilon
DifferentialGeometry/Geometry/Flow/RicciFlow/Perelman/KappaSolutions/SpatialNeckReflection.lean,128,DifferentialGeometry.PDE.RicciFlow.Perelman.KappaSolutions.spatialNeckReflection_pullback_reference,epsilon (via spatialNeckBuffer),exact-value,DifferentialGeometry.Diffeomorph.pullbackMetric (unitCylinderMetric.restrictOpen (spatialNeckBuffer epsilon)) (spatialNeckReflection epsilon) = unitCylinderMetr
DifferentialGeometry/Geometry/Flow/RicciFlow/Perelman/KappaSolutions/StrongNeck.lean,29,DifferentialGeometry.PDE.RicciFlow.Perelman.KappaSolutions.strongNeckBackgroundMetric_of_nonpos,epsilon (via spatialNeckBuffer),exact-value,strongNeckBackgroundMetric epsilon s = (scalarOneShrinkingCylinderMetric s (hs.trans_lt ( ))).restrictOpen (spatialNeckBuffer epsilon)
DifferentialGeometry/Geometry/Flow/RicciFlow/Perelman/KappaSolutions/StrongNeckDetection.lean,106,DifferentialGeometry.PDE.RicciFlow.Perelman.KappaSolutions.cylindricalComparison_jet_zero,epsilon (via spatialNeckBuffer),exact-value,cylindricalJet (L := L) e (spatialNeckBuffer epsilon) (C.jet 0 s) x v = (strongNeckNormalizedMetric F.S F.basepoint 0 hQ hf s).inner x (v 0) (v 1) - (strongNeck
DifferentialGeometry/Geometry/Flow/RicciFlow/Perelman/KappaSolutions/UnitCylinderConnector.lean,91,DifferentialGeometry.PDE.RicciFlow.Perelman.KappaSolutions.unitCylinder_exists_short_core_connector,epsilon (via spatialNeckBuffer),property,"ℝ → spatialNeckBuffer epsilon, ContMDiffOn 𝓘(ℝ, ℝ) SpatialNeckCylinderModel 1 β (Icc 0 1) ∧ β 0 = x ∧ β 1 = y ∧ (∀ t : ℝ, β t ∈ spatialNeckClosedCore epsilon) ∧"
DifferentialGeometry/Geometry/Flow/RicciFlow/Perelman/KappaSolutions/UnitCylinderConnector.lean,91,DifferentialGeometry.PDE.RicciFlow.Perelman.KappaSolutions.unitCylinder_exists_short_core_connector,epsilon (via spatialNeckClosedCore),property,"ℝ → spatialNeckBuffer epsilon, ContMDiffOn 𝓘(ℝ, ℝ) SpatialNeckCylinderModel 1 β (Icc 0 1) ∧ β 0 = x ∧ β 1 = y ∧ (∀ t : ℝ, β t ∈ spatialNeckClosedCore epsilon) ∧"
DifferentialGeometry/Geometry/Flow/RicciFlow/Perelman/StandardSolution/TravelingPhaseCoefficients.lean,23,DifferentialGeometry.PDE.RicciFlow.traveling_phase_laplacian,T (via travelingBallPhase),exact-value,laplacianAt G s (DifferentialGeometry.Analysis.travelingBallPhase T x₀ r s) x = -laplacianAt G s (fun y : E3 => ‖y‖ ^ 2) x + (2 * (s / T)) * laplacianAt G s (fu
DifferentialGeometry/Geometry/Flow/RicciFlow/Surgery/StandardCap/InsertionMetric.lean,181,DifferentialGeometry.PDE.RicciFlow.StandardCap.insertionCollarMetric_inner,A (via insertionCutoff),exact-value,(insertionCollarMetric hAB hη h).inner q v w = Real.exp (2 * conformalFactor q.val.2) * (insertionCutoff A q.val.2 * h.inner (Opens.inclusion (insertionCylinder
DifferentialGeometry/Geometry/Flow/RicciFlow/Surgery/Topology/BackwardNeckMetric.lean,73,DifferentialGeometry.PDE.RicciFlow.Surgery.Topology.OrientedThreeStage.IncomingSlab.background_eq_surgery_metric,δ (via neckBuffer),exact-value,"strongNeckBackgroundMetric δ v = (shrinkingCylinderMetric ⟨min v 0, (min_le_right v 0).trans_lt zero_lt_one⟩).restrictOpen (neckBuffer δ)"
DifferentialGeometry/Geometry/Flow/RicciFlow/Surgery/Topology/HistoricalNeckFlow.lean,111,DifferentialGeometry.PDE.RicciFlow.Surgery.Topology.NormalizedNeck.exists_historical_pullback_solution,δ (via neckBuffer),property,∃ (Φ : neckBuffer δ → H.backwardSurvivorFootprintInterior first i hle K) (hΦ : IsLocalDiffeomorph NeckCylinderModel ThreeModel ∞ Φ) (G : ℝ → SmoothRiemannianMet
DifferentialGeometry/Geometry/Flow/RicciFlow/Surgery/Topology/HistoricalNeckFlow.lean,158,DifferentialGeometry.PDE.RicciFlow.Surgery.Topology.NormalizedNeck.exists_historical_pullback_solution_with_scalar_bounds,δ (via neckBuffer),property,∃ (Φ : neckBuffer δ → H.backwardSurvivorFootprintInterior first i hle K) (hΦ : IsLocalDiffeomorph NeckCylinderModel ThreeModel ∞ Φ) (G : ℝ → SmoothRiemannianMet
DifferentialGeometry/Geometry/Flow/RicciFlow/Surgery/Topology/IncomingBackwardNeckConstruction.lean,43,DifferentialGeometry.PDE.RicciFlow.Surgery.Topology.background_eq_surgery_metric,δ (via neckBuffer),exact-value,"strongNeckBackgroundMetric δ v = (shrinkingCylinderMetric ⟨min v 0, (min_le_right v 0).trans_lt zero_lt_one⟩).restrictOpen (neckBuffer δ)"
DifferentialGeometry/Geometry/Flow/RicciFlow/Surgery/Topology/IncomingBackwardNeckConstruction.lean,325,DifferentialGeometry.PDE.RicciFlow.Surgery.Topology.NormalizedNeck.exists_incomingBackwardNeck_of_historical_solution,δ (via neckBuffer),property,"IncomingBackwardNeck H i N (Real.sqrt N.scale⁻¹), B.metric = S.base.metric ∧ B.timeDifferenceJet = Z ∧ ∀ (j : Fin H.eventCount) (hj : j.val ≤ i.val) (ha : H.tim"
DifferentialGeometry/Geometry/Flow/RicciFlow/Surgery/Topology/IncomingBackwardNeckConstruction.lean,452,DifferentialGeometry.PDE.RicciFlow.Surgery.Topology.eventually_exists_incomingBackwardNeck_of_historical_spatial_convergence,δ (via neckBuffer),property,"IncomingBackwardNeck (H n) (i n) (N n) (Real.sqrt (N n).scale⁻¹), B.metric = (S n).base.metric ∧ ∀ (j : Fin (H n).eventCount) (hj : j.val ≤ (i n).val) (ha : (H "
DifferentialGeometry/Geometry/Flow/RicciFlow/Surgery/Topology/NeckMarkSideBridge.lean,108,DifferentialGeometry.PDE.RicciFlow.Surgery.Topology.referenceMetric_eq_roundCylinderMetric_neckBuffer,δ (via neckBuffer),exact-value,referenceMetric δ = roundCylinderMetric.restrictOpen (neckBuffer δ)
DifferentialGeometry/Geometry/Flow/RicciFlow/Surgery/Topology/NeckMarkSideBridge.lean,113,DifferentialGeometry.PDE.RicciFlow.Surgery.Topology.metricDerivNormSupOn_self_neckClosedTest,δ (via neckClosedTest),exact-value,metricDerivNormSupOn (neckClosedTest δ) k g g g = 0
DifferentialGeometry/Geometry/Flow/RicciFlow/Surgery/Topology/NeckRebaseStability.lean,562,DifferentialGeometry.PDE.RicciFlow.Surgery.Topology.pullbackMetricCross_shrinkingCylinder_axial,ε (via neckBuffer),exact-value,Diffeomorph.pullbackMetricCross ((shrinkingCylinderMetric s).restrictOpen (cylinderAxialImage (I := 𝓡 2) a 1 ( ) (neckBuffer ε))) (cylinderAxialRestrict (I := 𝓡
DifferentialGeometry/Geometry/Flow/RicciFlow/Surgery/Topology/NeckRebaseStability.lean,572,DifferentialGeometry.PDE.RicciFlow.Surgery.Topology.localPullMetric_shrinkingCylinder_translatedBufferMap,δ/ε (via neckBuffer),exact-value,localPullMetric ((shrinkingCylinderMetric s).restrictOpen (neckBuffer δ)) (translatedBufferMap z hfit) (translatedBufferMap_local z hfit) = (shrinkingCylinderMe
DifferentialGeometry/Geometry/Flow/RicciFlow/Surgery/Topology/NeckRebaseStability.lean,611,DifferentialGeometry.PDE.RicciFlow.Surgery.Topology.translatedBufferTensor_norm,δ/ε (via neckBuffer),exact-value,tensor02CovDerivNormWith r (translatedBufferTensor z hfit A) ((shrinkingCylinderMetric s).restrictOpen (neckBuffer ε)) ((shrinkingCylinderMetric t).restrictOpen
DifferentialGeometry/Geometry/Flow/RicciFlow/Surgery/Topology/NeckRebaseStability.lean,701,DifferentialGeometry.PDE.RicciFlow.Surgery.Topology.exists_rescaled_local_solution,ε (via neckBuffer),property,"SolutionOn (I := NeckCylinderModel) (M := neckBuffer ε) (RealTimeInterval.closed (-(9 / 8 : ℝ)) 0 ( )), IsSolutionOn T ∧ (∀ r, T.base.metric r = localPullMetric"
DifferentialGeometry/Geometry/Flow/RicciFlow/Surgery/Topology/NeckRebaseStability.lean,1073,DifferentialGeometry.PDE.RicciFlow.Surgery.Topology.strongNeckBackgroundMetric_eq_cylinder,ε (via neckBuffer),exact-value,"strongNeckBackgroundMetric ε s = (shrinkingCylinderMetric ⟨s, hs.trans_lt zero_lt_one⟩).restrictOpen (neckBuffer ε)"
DifferentialGeometry/Geometry/Flow/RicciFlow/Surgery/Topology/ShrinkingCylinderIsometries.lean,43,DifferentialGeometry.PDE.RicciFlow.Surgery.Topology.pullback_shrinkingCylinderMetric_bufferedCylinderRotation,δ (via bufferedCylinder),exact-value,Diffeomorph.pullbackMetric ((shrinkingCylinderMetric t).restrictOpen (bufferedCylinder δ)) (bufferedCylinderRotation δ e) = (shrinkingCylinderMetric t).restrict
DifferentialGeometry/Geometry/Flow/RicciFlow/Surgery/Topology/ShrinkingCylinderIsometries.lean,55,DifferentialGeometry.PDE.RicciFlow.Surgery.Topology.pullbackMetricCross_shrinkingCylinderMetric_bufferedCylinderRotation,δ (via bufferedCylinder),exact-value,Diffeomorph.pullbackMetricCross ((shrinkingCylinderMetric t).restrictOpen (bufferedCylinder δ)) (bufferedCylinderRotation δ e) = (shrinkingCylinderMetric t).res
DifferentialGeometry/Geometry/Flow/RicciFlow/Surgery/Topology/ShrinkingCylinderIsometries.lean,64,DifferentialGeometry.PDE.RicciFlow.Surgery.Topology.image_bufferedCylinderRotation_neckClosedTest,δ (via neckClosedTest),exact-value,bufferedCylinderRotation δ e '' neckClosedTest δ = neckClosedTest δ
DifferentialGeometry/Geometry/Flow/RicciFlow/Surgery/Topology/ShrinkingCylinderIsometries.lean,69,DifferentialGeometry.PDE.RicciFlow.Surgery.Topology.pullback_shrinkingCylinderMetric_bufferedCylinderOrientation,δ (via bufferedCylinder),exact-value,Diffeomorph.pullbackMetric ((shrinkingCylinderMetric t).restrictOpen (bufferedCylinder δ)) (bufferedCylinderOrientation δ σ hσ) = (shrinkingCylinderMetric t).re
DifferentialGeometry/Geometry/Flow/RicciFlow/Surgery/Topology/ShrinkingCylinderIsometries.lean,81,DifferentialGeometry.PDE.RicciFlow.Surgery.Topology.pullbackMetricCross_shrinkingCylinderMetric_bufferedCylinderOrientation,δ (via bufferedCylinder),exact-value,Diffeomorph.pullbackMetricCross ((shrinkingCylinderMetric t).restrictOpen (bufferedCylinder δ)) (bufferedCylinderOrientation δ σ hσ) = (shrinkingCylinderMetric 
DifferentialGeometry/Geometry/Flow/RicciFlow/Surgery/Topology/ShrinkingCylinderIsometries.lean,90,DifferentialGeometry.PDE.RicciFlow.Surgery.Topology.image_bufferedCylinderOrientation_neckClosedTest,δ (via neckClosedTest),exact-value,bufferedCylinderOrientation δ σ hσ '' neckClosedTest δ = neckClosedTest δ
DifferentialGeometry/Geometry/Flow/RicciFlow/Surgery/Topology/StrongNeckTimeJetIdentity.lean,249,DifferentialGeometry.PDE.RicciFlow.Surgery.Topology.OrientedThreeStage.IncomingSlab.strongNeckBackground_zero_eq_round,δ (via neckBuffer),exact-value,strongNeckBackgroundMetric δ 0 = roundCylinderMetric.restrictOpen (neckBuffer δ)
DifferentialGeometry/Geometry/Metric/Distance/Cutoff.lean,17,DifferentialGeometry.Analysis.mvfderiv_sublevelCutoff,R (via sublevelCutoff),exact-value,mvfderiv I (sublevelCutoff ρ R) x v = deriv CutoffProfile.value (ρ x / R) / R * mvfderiv I ρ x v
DifferentialGeometry/Geometry/Neck/BufferedRotation.lean,70,DifferentialGeometry.Geometry.Neck.image_bufferedCylinderRotation_controlledCylinder,δ (via controlledCylinder),exact-value,bufferedCylinderRotation δ e '' controlledCylinder δ = controlledCylinder δ
DifferentialGeometry/Geometry/Neck/BufferedRotation.lean,107,DifferentialGeometry.Geometry.Neck.metricDerivENormSupOn_bufferedCylinderRotation,δ (via controlledCylinder),exact-value,metricDerivENormSupOn (controlledCylinder δ) p (Diffeomorph.pullbackMetric H (bufferedCylinderRotation δ e)) (Diffeomorph.pullbackMetric HInf (bufferedCylinderR
DifferentialGeometry/Geometry/Neck/Orientation.lean,87,DifferentialGeometry.Geometry.Neck.image_bufferedCylinderOrientation_controlledCylinder,δ (via controlledCylinder),exact-value,bufferedCylinderOrientation δ σ hσ '' controlledCylinder δ = controlledCylinder δ
DifferentialGeometry/Geometry/Neck/Orientation.lean,124,DifferentialGeometry.Geometry.Neck.metricDerivENormSupOn_bufferedCylinderOrientation,δ (via controlledCylinder),exact-value,metricDerivENormSupOn (controlledCylinder δ) p (Diffeomorph.pullbackMetric H (bufferedCylinderOrientation δ σ hσ)) (Diffeomorph.pullbackMetric HInf (bufferedCyl
DifferentialGeometry/Geometry/Neck/PointwiseChart.lean,65,DifferentialGeometry.Geometry.Neck.range_pointwiseCylinderMap,d (via bufferedCylinder),exact-value,range (pointwiseCylinderMap e z₀ hfit hBL) = {q : openCylinder L | q.val ∈ roundCylinderImage (n := 2) e z₀ (bufferedCylinder d)}
DifferentialGeometry/Geometry/Neck/RecenteringChart.lean,76,DifferentialGeometry.Geometry.Neck.range_recenteringCylinderMap,δ/ε (via bufferedCylinder),exact-value,range (recenteringCylinderMap hσ hfit) = {q : bufferedCylinder δ | q.val ∈ cylinderAxialImage (I := 𝓡 2) σ σ hσ (bufferedCylinder ε)}
DifferentialGeometry/Topology/Embedding/CylinderCapRounding.lean,28,Diffeomorph.cylinderCapCoordinates_apply,a (via cylinderCapCoordinates),exact-value,"cylinderCapCoordinates a p = ((Real.sqrt (Real.smoothMax (1 / 4) (1 / 2) (1 + (p.2 + a * (‖p.1‖ ^ 2 - 1)) / a)))⁻¹ • p.1, p.2 + a * (‖p.1‖ ^ 2 - 1))"
DifferentialGeometry/Topology/Embedding/CylinderCapRounding.lean,44,Diffeomorph.cylinderCapCoordinates_symm_apply,a (via cylinderCapCoordinates),exact-value,"(cylinderCapCoordinates a).symm p = (Real.sqrt (Real.smoothMax (1 / 4) (1 / 2) (1 + p.2 / a)) • p.1, p.2 - a * (‖Real.sqrt (Real.smoothMax (1 / 4) (1 / 2) (1 + "
DifferentialGeometry/Topology/Embedding/CylinderCapRounding.lean,79,EuclideanGeometry.roundedCapRadiusSq_eq_of_le,a (via roundedCapRadiusSq),exact-value,roundedCapRadiusSq a ε w = 1 - w
DifferentialGeometry/Topology/Embedding/CylinderCapRounding.lean,84,EuclideanGeometry.roundedCapRadiusSq_eq_of_neg_le,a (via roundedCapRadiusSq),exact-value,roundedCapRadiusSq a ε w = 1 - w / a
DifferentialGeometry/Topology/LoopSpace/ThinAnnulus.lean,52,DifferentialGeometry.Topology.thinAnnulusParameter_inner,h (via thinAnnulusParameter),exact-value,thinAnnulusParameter R h z = 0
DifferentialGeometry/Topology/Morse/HandleEmbedding.lean,58,DifferentialGeometry.Topology.Morse.ManifoldCellAttachment.cocoreCoordinates_norm_fst,r (via cocoreCoordinates),exact-value,‖(cocoreCoordinates hk ε r y).1‖ = 1
DifferentialGeometry/Topology/Morse/Attachment/ManifoldHandle.lean,8874,DifferentialGeometry.Topology.Morse.ManifoldCellAttachment.morseUncompressLevel_fixed,δ (via morseUncompressLevel),exact-value,morseUncompressLevel c ε δ s = s
DifferentialGeometry/Topology/Morse/Attachment/ModelCell.lean,3673,DifferentialGeometry.Topology.Morse.CellAttachment.modelLevelDampedUnstretch_negPart,ε₀ (via modelLevelDampedUnstretch),exact-value,negPart hk (modelLevelDampedUnstretch hk ε r δ c η ε₀ y) = negPart hk y
DifferentialGeometry/Topology/Morse/Attachment/ModelCell.lean,3679,DifferentialGeometry.Topology.Morse.CellAttachment.modelLevelDampedUnstretch_posPart,ε₀ (via modelLevelDampedUnstretch),exact-value,posPart hk (modelLevelDampedUnstretch hk ε r δ c η ε₀ y) = (1 + (Real.sqrt ((‖negPart hk y‖ ^ 2 + r ^ 2) / smoothCap ε r δ (‖negPart hk y‖ ^ 2)) - 1) * Real.smo
DifferentialGeometry/Topology/Morse/Attachment/ModelCell.lean,4176,DifferentialGeometry.Topology.Morse.CellAttachment.modelLevelRadiusDampedUnstretch_negPart,ε₀ (via modelLevelRadiusDampedUnstretch),exact-value,negPart hk (modelLevelRadiusDampedUnstretch hk ε r δ c η ε₀ R₀ R₁ y) = negPart hk y
DifferentialGeometry/Topology/Morse/Attachment/ModelCell.lean,4182,DifferentialGeometry.Topology.Morse.CellAttachment.modelLevelRadiusDampedUnstretch_eq_levelDamped_of_norm_le,ε₀ (via modelLevelRadiusDampedUnstretch),exact-value,modelLevelRadiusDampedUnstretch hk ε r δ c η ε₀ R₀ R₁ y = modelLevelDampedUnstretch hk ε r δ c η ε₀ y
DifferentialGeometry/Topology/Morse/Attachment/ModelCell.lean,4182,DifferentialGeometry.Topology.Morse.CellAttachment.modelLevelRadiusDampedUnstretch_eq_levelDamped_of_norm_le,ε₀ (via modelLevelDampedUnstretch),exact-value,modelLevelRadiusDampedUnstretch hk ε r δ c η ε₀ R₀ R₁ y = modelLevelDampedUnstretch hk ε r δ c η ε₀ y
DifferentialGeometry/Topology/Morse/Attachment/ModelCell.lean,4232,DifferentialGeometry.Topology.Morse.CellAttachment.modelLevelRadiusDampedUnstretch_eq_self_of_norm_large,ε₀ (via modelLevelRadiusDampedUnstretch),exact-value,modelLevelRadiusDampedUnstretch hk ε r δ c η ε₀ R₀ R₁ y = y
DifferentialGeometry/Topology/Morse/Attachment/ModelCell.lean,6711,DifferentialGeometry.Topology.Morse.CellAttachment.modelLowerRoundMap_posPart,θ (via modelRoundScale),exact-value,posPart hk (modelLowerRoundMap hk ε r δ θ y) = modelRoundScale ε r δ θ (‖negPart hk y‖ ^ 2) • posPart hk y
DifferentialGeometry/Topology/Morse/Attachment/ModelCell.lean,6865,DifferentialGeometry.Topology.Morse.CellAttachment.modelLowerRoundMapGlobal_posPart,η (via modelLowerRoundScaleGlobal),exact-value,posPart hk (modelLowerRoundMapGlobal hk c ε r δ θ η y) = modelLowerRoundScaleGlobal hk c ε r δ θ η y • posPart hk y
DifferentialGeometry/Topology/Morse/Attachment/ModelCell.lean,8121,DifferentialGeometry.Topology.Morse.CellAttachment.modelLowerRoundMapUnround_posPart,θ (via modelRoundScale),exact-value,posPart hk (modelLowerRoundMapUnround hk ε r δ θ y) = (modelRoundScale ε r δ θ (‖negPart hk y‖ ^ 2))⁻¹ • posPart hk y
DifferentialGeometry/Topology/Morse/Attachment/ModelHandle.lean,4367,DifferentialGeometry.Topology.Morse.CellAttachment.cutoffTransition_nonpos,ε' (via cutoffTransition),exact-value,cutoffTransition a ε' w t = 0
DifferentialGeometry/Topology/Morse/Attachment/ModelHandle.lean,4638,DifferentialGeometry.Topology.Morse.CellAttachment.cutoffFunction_nonpos,ε'/η₁ (via cutoffFunction),exact-value,cutoffFunction a ε' w η₁ t = 0
DifferentialGeometry/Topology/Morse/Attachment/ModelHandle.lean,4643,DifferentialGeometry.Topology.Morse.CellAttachment.cutoffFunction_eq_affine,η₁ (via cutoffFunction),exact-value,cutoffFunction a ε' w η₁ t = a * t
DifferentialGeometry/Topology/Morse/Attachment/ModelHandle.lean,4651,DifferentialGeometry.Topology.Morse.CellAttachment.cutoffFunction_eq_one,ε' (via cutoffFunction),exact-value,cutoffFunction a ε' w η₁ t = 1
DifferentialGeometry/Topology/Morse/Attachment/ModelHandle.lean,4909,DifferentialGeometry.Topology.Morse.CellAttachment.cutoffFunction_deriv_affine,η₁ (via cutoffFunction),exact-value,deriv (cutoffFunction a ε' w η₁) t = a
DifferentialGeometry/Topology/Morse/Attachment/ModelHandle.lean,5344,DifferentialGeometry.Topology.Morse.CellAttachment.modelLevelDampedUnstretch_eq_modelFlow,ε₀ (via modelLevelDampedUnstretch),exact-value,modelLevelDampedUnstretch hk ε r δ c η ε₀ y = modelFlow hk (modelLevelDampedUnstretchTime hk ε r δ c η ε₀ y) y
DifferentialGeometry/Topology/Morse/Attachment/ModelHandle.lean,5344,DifferentialGeometry.Topology.Morse.CellAttachment.modelLevelDampedUnstretch_eq_modelFlow,ε₀ (via modelLevelDampedUnstretchTime),exact-value,modelLevelDampedUnstretch hk ε r δ c η ε₀ y = modelFlow hk (modelLevelDampedUnstretchTime hk ε r δ c η ε₀ y) y
DifferentialGeometry/Topology/Morse/Attachment/ModifiedSublevel.lean,799,DifferentialGeometry.Topology.Morse.CellAttachment.modifiedNormalForm_split,δ (via modGamma),exact-value,modifiedNormalForm hk c ε δ y = c + (1 / 2) * (‖posPart hk y‖ ^ 2 - ‖negPart hk y‖ ^ 2) - modMu ε (‖negPart hk y‖ ^ 2) * modGamma δ ‖posPart hk y‖
DifferentialGeometry/Topology/PiecewiseLinear/LayerAffineMap.lean,118,DifferentialGeometry.Topology.PiecewiseLinear.centralConeMap_apex,σ (via centralConeMap),exact-value,"centralConeMap σ vc v₁ v₂ (0, 0) = vc"
DifferentialGeometry/Topology/PiecewiseLinear/LayerAffineMap.lean,170,DifferentialGeometry.Topology.PiecewiseLinear.layerLowMap_eq_combo,σ' (via layerLowMap),exact-value,layerLowMap σ' σ v₀ v₁ v₂ z = (1 - z.2 / σ' - (z.1 + z.2 - σ') / (σ - σ')) • v₀ + (z.2 / σ') • v₁ + ((z.1 + z.2 - σ') / (σ - σ')) • v₂
DifferentialGeometry/Topology/PiecewiseLinear/LayerAffineMap.lean,185,DifferentialGeometry.Topology.PiecewiseLinear.centralConeMap_eq_combo,σ (via centralConeMap),exact-value,centralConeMap σ vc v₁ v₂ z = (1 - z.1 / σ - z.2 / σ) • vc + (z.1 / σ) • v₁ + (z.2 / σ) • v₂
DifferentialGeometry/Topology/PiecewiseLinear/PrismHomotopy.lean,150,DifferentialGeometry.Topology.PiecewiseLinear.heightRescale_apply,h (via heightRescale),exact-value,"heightRescale h z = (z.1, z.2 / h)"
DifferentialGeometry/Topology/PiecewiseLinear/PrismProdCollar.lean,18,DifferentialGeometry.Topology.PiecewiseLinear.heightRescaleProd_apply,h (via heightRescaleProd),exact-value,"heightRescaleProd h z = (z.1, z.2 / h)"
DifferentialGeometry/Topology/ProjectiveSpace/AffineThreeBall.lean,24,DifferentialGeometry.realProjectiveThreeAffineBallMap_zero,L (via realProjectiveThreeAffineBallMap),exact-value,realProjectiveThreeAffineBallMap L 0 = realProjectiveThreeSpacePuncture
DifferentialGeometry/Topology/ThreeManifold/ConnectedSum/SphereCapProfile.lean,41,DifferentialGeometry.Topology.SphereUnitFilling.capDensity_of_le,ρ (via capDensity),exact-value,capDensity ρ = (2 - ρ)⁻¹
DifferentialGeometry/Topology/VectorField/CollarNormalization.lean,52,DifferentialGeometry.VectorField.collarNormalizationTime_zero,ε (via collarNormalizationTime),exact-value,collarNormalizationTime ε 0 = 0
DifferentialGeometry/Topology/VectorField/CollarNormalization.lean,60,DifferentialGeometry.VectorField.collarNormalizationTimeHomotopy_one,ε (via collarNormalizationTime),exact-value,collarNormalizationTimeHomotopy ε 1 s = collarNormalizationTime ε s
