file,line,name,stmt_len,proof,touches_rec
NavierStokes/ActualParticularPotentialCoherence.lean,106,NavierStokes.ActualParticularPotentialCoherence.potential_eq,709,:= rfl,[]
NavierStokes/ActualCurrentParticularPhysical.lean,112,NavierStokes.ActualCurrentParticularPhysical.nativePotential_eq,639,:= rfl,[]
Euler/PacketInitializedSpatialBudget.lean,115,EulerPacketTerminalDatum.initializedDriftBudget_growth,629,:= rfl end EulerPacketTerminalDatum,[]
Euler/PacketForwardInitializedSpatialBudget.lean,113,EulerPacketTerminalDatum.forwardInitializedDriftBudget_growth,622,:= rfl end EulerPacketTerminalDatum,[]
Euler/RegularizedForcingWord.lean,29,EulerRegularizedForcingWord.forcingWordPath_apply,614,:= rfl,['truncate']
NavierStokes/CorrectionInitialization.lean,1012,NavierStokes.CorrectionInitialization.PrimaryConstruction.sourcePair_matrix,591,:= rfl end NativePair end PrimaryConstruction section PrimaryExcluded variable {,[]
NavierStokes/PrimaryTargetBounds.lean,631,NavierStokes.PrimaryTargetBounds.preparedCovariance_eq_construction,566,:= rfl,[]
Euler/ParentForwardInitialSupport.lean,49,EulerParentPacketFrames.Parent.normalizedPacketPressure_forwardInitialized,541,:= rfl,[]
Euler/ParentForwardInitialSupport.lean,40,EulerParentPacketFrames.Parent.normalizedPacketVelocity_forwardInitialized,541,:= rfl,[]
NavierStokes/ActualParticularStageControls.lean,813,NavierStokes.ActualParticularStageControls.selected_data_amplitude,531,:= rfl,[]
NavierStokes/ActualParticularStageControls.lean,821,NavierStokes.ActualParticularStageControls.selected_data_pressure,528,:= rfl section RawSelected variable (e : ℕ → ActivePair B N0),[]
Euler/PacketResidualTailFields.lean,51,EulerPacketCylinderField.PrefixFields.tailGradeField_path,494,:= rfl,[]
Euler/SobolevTransportCommutator.lean,34,EulerSobolevTransportCommutator.externalCommutator_apply,493,:= rfl omit [Fact (0 < period)] in,['word']
Euler/ChildParticleFieldBounds.lean,243,EulerChildParticleFieldBounds.Data.childAcceleration_apply,473,:= rfl,[]
NavierStokes/AxisymmetricResidualGrouping.lean,152,NavierStokes.AxisymmetricResidualGrouping.stateMeanCoefficientValue_erase,458,:= rfl,[]
NavierStokes/CorrectionInitialization.lean,1327,NavierStokes.CorrectionInitialization.GaugeInitialization.initialized_reconstructed,452,:= rfl end GaugeInitialization namespace GaugeInitialization open VariableGaugeM,[]
Euler/SobolevBaseCommutator.lean,33,EulerSobolevBaseCommutator.baseCommutator_apply,443,:= rfl,['word']
NavierStokes/ActualSignedStageControls.lean,111,NavierStokes.ActualSignedStageControls.parameters_raw,432,:= rfl,[]
NavierStokes/ActualPrimaryBounds.lean,1128,NavierStokes.ActualPrimaryBounds.fullCopy_slot,425,:= rfl,[]
NavierStokes/LocalSignedRequest.lean,523,NavierStokes.LocalSignedRequest.physicalBarSigma_profile,410,:= rfl,[]
NavierStokes/ParticularWaveBounds.lean,1592,NavierStokes.ParticularWaveBounds.complexCopyPressure_eq_parts,405,:= rfl,[]
Euler/PacketCorrectionGrowth.lean,29,EulerPacketCorrectionCoefficients.growthCoefficient_eq,396,:= rfl,[]
NavierStokes/CorrectionInitialization.lean,1193,NavierStokes.CorrectionInitialization.initialized_reconstructed,389,:= rfl,[]
NavierStokes/ActualCycleCoherence.lean,492,NavierStokes.ActualCycleCoherence.afterParticular_pressure,385,:= rfl include H W in,[]
NavierStokes/PhysicalResidualTZ.lean,445,NavierStokes.PhysicalResidualTZ.physicalToChartTZ_eq_formula,382,:= rfl,[]
NavierStokes/MeanChartCompatibility.lean,1258,NavierStokes.MeanChartCompatibility.stateDebt_eq_sourceDebt,380,:= rfl end DebtTransport section RankFamilies variable {S T : Type},[]
NavierStokes/ActualParticularStageControls.lean,592,NavierStokes.ActualParticularStageControls.source_angle_reindex,372,:= rfl,[]
NavierStokes/ActualParticularStageControls.lean,1185,NavierStokes.ActualParticularStageControls.selected_cutoff_eq,367,:= rfl,[]
Euler/LpSmoothJetField.lean,34,EulerLpTranslation.SmoothL2Field.jetField_succ,366,:= rfl,['jetField']
NavierStokes/ActualParticularPotentialCoherence.lean,94,NavierStokes.ActualParticularPotentialCoherence.potential_eq_copyData,363,:= rfl,[]
NavierStokes/ActualCycleExcluded.lean,130,NavierStokes.ActualCycleExcluded.nextAxisymmetricAlias_eq,361,:= rfl end ExactStages,[]
NavierStokes/ParticularWaveBounds.lean,1584,NavierStokes.ParticularWaveBounds.complexCopyVelocity_eq_parts,359,:= rfl omit [NormedAddCommGroup P] [NormedSpace ℝ P] in,[]
NavierStokes/ActualParticularPotentialCoherence.lean,100,NavierStokes.ActualParticularPotentialCoherence.pressureMode_eq_copyData,355,:= rfl,[]
NavierStokes/ActualCurrentParticularAssembly.lean,88,NavierStokes.ActualCurrentParticularAssembly.nativeMap_eq_graph,349,:= rfl,[]
NavierStokes/ActualSignedPhysicalBinding.lean,556,NavierStokes.ActualSignedPhysicalBinding.nativeStateData_request_eq,345,:= rfl,[]
NavierStokes/ActualInitialCoherence.lean,61,NavierStokes.ActualInitialCoherence.slowCoordinates_band,343,:= rfl,[]
NavierStokes/ScaledParticularFrameJets.lean,177,NavierStokes.ScaledParticularFrameJets.native_normal_eq,332,:= rfl,[]
NavierStokes/SlowRecursion.lean,974,NavierStokes.SlowRecursion.sequence_profile,327,:= rfl,['sequence']
NavierStokes/PhysicalMeanJetBounds.lean,40,NavierStokes.PhysicalMeanJetBounds.physicalToChartTZ_apply,324,:= rfl,[]
NavierStokes/ActualParticularPotentialCoherence.lean,117,NavierStokes.ActualParticularPotentialCoherence.pressureMode_eq,322,:= rfl,[]
Euler/PacketJoinedSourceSolenoidal.lean,51,EulerPacketCylinderField.joinedPacketPullbackField_path,321,:= rfl,[]
Euler/ParentPacketGeometryFrame.lean,98,EulerParentPacketFrames.Parent.joined_sourceVelocity,319,:= rfl,[]
NavierStokes/ActualWaveRegularityData.lean,624,NavierStokes.ActualWaveRegularityData.strip_growth,317,:= rfl,[]
NavierStokes/ActualPrimaryBounds.lean,116,NavierStokes.ActualPrimaryBounds.geometry_eq,317,:= by rfl,[]
NavierStokes/ActualPrimaryDynamics.lean,96,NavierStokes.ActualPrimaryDynamics.frame_viscosity,310,:= rfl,[]
NavierStokes/ActualSignedMeanBinding.lean,187,NavierStokes.ActualSignedMeanBinding.primaryBlock_eq_model,308,:= rfl,[]
NavierStokes/ActualSignedStageControls.lean,674,NavierStokes.ActualSignedStageControls.slow_growth_eq,308,:= rfl,[]
NavierStokes/ActualSignedNativeBounds.lean,98,NavierStokes.ActualSignedNativeBounds.nativeToCommon_apply,306,:= rfl,[]
NavierStokes/ActualWaveRegularityData.lean,619,NavierStokes.ActualWaveRegularityData.strip_zeta,303,:= rfl,[]
NavierStokes/GaugeMomentBalances.lean,142,NavierStokes.GaugeMomentBalances.reconstructState_idempotent,294,:= rfl end GeneralGauge section SimilarityCoefficient,[]
NavierStokes/StateMomentBalances.lean,372,NavierStokes.StateMomentBalances.nativeOperators_profile,289,:= rfl,[]
NavierStokes/MeanChartCompatibility.lean,727,NavierStokes.MeanChartCompatibility.physicalToChart_apply,287,:= rfl,[]
NavierStokes/ActualSignedGeometry.lean,468,NavierStokes.ActualSignedGeometry.slowChange_apply,287,:= rfl,[]
Euler/CorrectionOperators.lean,60,EulerCorrectionOperators.coordinateProduct_apply,280,:= rfl,['truncate']
NavierStokes/PartitionedCovariance.lean,100,NavierStokes.PartitionedCovariance.nativePulse_mul,279,:= rfl,[]
NavierStokes/PhysicalSignedWave.lean,1369,NavierStokes.PhysicalSignedWave.PrimaryData.Views.pressureMode_eq_exact,277,:= rfl,[]
NavierStokes/ActualSignedPhysicalBinding.lean,77,NavierStokes.ActualSignedPhysicalBinding.toCommonCylinder_apply,277,:= rfl,[]
NavierStokes/ActualParticularDynamics.lean,109,NavierStokes.ActualParticularDynamics.native_strip_eq,277,:= rfl,[]
Euler/LpSmoothJetField.lean,29,EulerLpTranslation.SmoothL2Field.jetField_zero,275,:= rfl,['jetField']
Euler/BoundedFieldForwardGenerator.lean,60,EulerBoundedFieldForwardGenerator.generatorPath_apply,272,:= rfl variable {P : Type*} [NormedAddCommGroup P] [NormedSpace ℝ P],[]
NavierStokes/ParticularWaveAssembly.lean,206,NavierStokes.ParticularWaveAssembly.transportTangent_linearData,272,:= rfl omit [NormedAddCommGroup P] [NormedSpace ℝ P] [NormedAddCommGroup Q] [Nor,[]
Euler/RegularizedMildEquation.lean,96,EulerRegularizedMildEquation.regularizerFirst_source,270,:= rfl,[]
Euler/PacketSourceSolenoidal.lean,55,EulerPacketCylinderField.sourcePacketPullbackField_path,270,:= rfl,[]
Euler/PacketCorrectionSourceData.lean,45,EulerPacketCorrectionCoefficients.correctionData_metric,268,:= rfl,[]
Euler/PacketCorrectionSourceData.lean,50,EulerPacketCorrectionCoefficients.correctionData_linear,268,:= rfl,[]
NavierStokes/InitialPhysicalData.lean,2239,NavierStokes.InitialPhysicalData.physicalPressure_mode,267,:= rfl,[]
NavierStokes/ActualCycleParameters.lean,329,NavierStokes.ActualCycleParameters.signed_phase,265,:= rfl,[]
NavierStokes/ActualCycleParameters.lean,334,NavierStokes.ActualCycleParameters.signed_angular,264,:= rfl,[]
NavierStokes/InitialPhysicalData.lean,1763,NavierStokes.InitialPhysicalData.normal_withCutoff,264,:= rfl,[]
Euler/ParentStageDirection.lean,53,EulerPacketSourceGeometry.ParentFrame.activation_normal_choice,264,:= rfl,[]
NavierStokes/ActualSignedFamilySupport.lean,37,NavierStokes.ActualSignedFamilySupport.gate_diagonal,263,:= rfl,[]
NavierStokes/ScaledActualParticularControl.lean,528,NavierStokes.ScaledActualParticularControl.physical_commute,263,:= rfl,[]
NavierStokes/PhysicalParticularWave.lean,214,NavierStokes.PhysicalParticularWave.chartChange_apply,262,:= rfl,[]
NavierStokes/ActualSignedPhysicalData.lean,1484,NavierStokes.ActualSignedPhysicalData.copyPotential_field,262,:= rfl end NativeSources,[]
NavierStokes/CommonBaseContext.lean,518,NavierStokes.CommonBaseContext.context_radial_physical,260,:= rfl,[]
Euler/SobolevWordConstraints.lean,25,EulerSobolevWordConstraints.sobolevGradientProjection_word,260,:= rfl,['word']
NavierStokes/ActualCycleParameters.lean,324,NavierStokes.ActualCycleParameters.signed_frequency,257,:= rfl,[]
Euler/EulerProof.lean,6558,EulerCylinderSobolev.iteratedFieldDerivative_succ,254,:= rfl,[]
NavierStokes/ActualParticularStageControls.lean,191,NavierStokes.ActualParticularStageControls.parameters_length,254,:= rfl,[]
NavierStokes/ActualCurrentParticularPhysical.lean,553,NavierStokes.ActualCurrentParticularPhysical.copyData_particularState,253,:= rfl,[]
NavierStokes/ActualInitialMeanEquation.lean,426,NavierStokes.ActualInitialMeanEquation.common_graphOperators,251,:= rfl,[]
Euler/EulerProof.lean,2269,EulerPressureSpatialRegularity.translatedCoefficient_path,246,:= rfl omit [Fact (0 < period)] in,[]
Euler/OrdinaryEulerRescaling.lean,76,EulerOrdinarySobolev.Evolution.rescale_velocity,245,:= rfl,[]
Euler/PacketCorrectionMetricTime.lean,33,EulerPacketCorrectionCoefficients.inverseMetricTimeCoefficient_apply,242,:= rfl,[]
NavierStokes/AxisContraction.lean,605,NavierStokes.AxisContraction.naturalRemainder_fst_resolvent,239,:= rfl,[]
Euler/VolumeSobolevPath.lean,48,EulerVolumeSobolevPath.partitionCoefficient_apply,239,:= rfl,[]
Euler/MeanBoundaryFrechet.lean,51,EulerMeanBoundary.cutoffDirectionalMap_apply,239,:= rfl,[]
NavierStokes/PhysicalResidualTZ.lean,241,NavierStokes.PhysicalResidualTZ.radialDirection_swap,238,:= by rfl,[]
Euler/LpCylinderRectangular.lean,189,EulerLpCylinderRectangular.include_supportedMultiplier,238,:= rfl end EulerLpCylinderRectangular,[]
Euler/BoundedFieldForwardGenerator.lean,56,EulerBoundedFieldForwardGenerator.leftInversePath_apply,237,:= rfl,[]
Euler/EulerProof.lean,6784,EulerCylinderSobolev.localized_apply,237,:= rfl,[]
NavierStokes/ActualPhaseDefect.lean,735,NavierStokes.ActualPhaseDefect.reducedExpression_eq_native,237,:= rfl,[]
NavierStokes/LocalSignedRequest.lean,531,NavierStokes.LocalSignedRequest.torusAverage_inverseProfileMap,237,:= rfl,[]
NavierStokes/ScalarParticularSupport.lean,43,NavierStokes.ScalarParticularSupport.scalarData_pressure,235,":= rfl variable (hinj : ∀ n, InjOn TorusAverages.quotientPoint ((fun z => (g n).",[]
NavierStokes/AxisContraction.lean,610,NavierStokes.AxisContraction.naturalRemainder_snd_resolvent,235,:= rfl,[]
NavierStokes/PhysicalResidualTZ.lean,247,NavierStokes.PhysicalResidualTZ.axialDirection_swap,235,:= by rfl,[]
Euler/EvolutionTimeShift.lean,52,EulerOrdinarySobolev.Evolution.shiftTime_velocity,233,:= rfl,[]
NavierStokes/PhysicalResidualTZ.lean,253,NavierStokes.PhysicalResidualTZ.timeDirection_swap,232,:= by rfl,[]
NavierStokes/PrimaryTargetBounds.lean,989,NavierStokes.PrimaryTargetBounds.restricted_covariance,230,:= rfl,[]
NavierStokes/AxisymmetricResidualGrouping.lean,50,NavierStokes.AxisymmetricResidualGrouping.stateFullResidual_eraseAxisymmetricAlias,228,:= rfl,[]
Euler/ParentEulerChild.lean,60,EulerParentPacketFrames.Evolution.child_velocity,227,:= rfl,[]
NavierStokes/ActualSignedPotentialCoherence.lean,44,NavierStokes.ActualSignedPotentialCoherence.potential_eq_mode,224,:= rfl,[]
NavierStokes/AxisymmetricResidualGrouping.lean,45,NavierStokes.AxisymmetricResidualGrouping.stateFullResidual_addAxisymmetricAlias,224,:= rfl,[]
NavierStokes/UniformPrimaryWeights.lean,49,NavierStokes.UniformPrimaryWeights.reindexed_majorant,224,:= rfl,[]
NavierStokes/PrimaryGeometryAssembly.lean,522,NavierStokes.PrimaryGeometryAssembly.construction_lambda,220,:= rfl,[]
NavierStokes/GaugeStateCoherence.lean,353,NavierStokes.GaugeStateCoherence.bandSlowEquiv_apply,220,:= rfl,[]
NavierStokes/PhysicalParticularWave.lean,777,NavierStokes.PhysicalParticularWave.waveEquiv_cylinderChange,220,:= rfl,[]
NavierStokes/ActualSignedGeometry.lean,353,NavierStokes.ActualSignedGeometry.clockScale_value,220,:= rfl end Scales section Slots variable {D h : ℝ} {vr vt : Plane} (sys : Partit,[]
NavierStokes/InitialPhysicalData.lean,734,NavierStokes.InitialPhysicalData.liftZT_common,218,:= rfl,[]
NavierStokes/ScalarParticularSupport.lean,37,NavierStokes.ScalarParticularSupport.scalarData_amplitude,218,:= rfl omit [NormedAddCommGroup P] [NormedSpace ℝ P] in,[]
NavierStokes/ExtendedHeatedOutgoing.lean,218,NavierStokes.ExtendedHeatedOutgoing.heatE_eq_edit,217,:= rfl,[]
NavierStokes/ActualParticularControl.lean,751,NavierStokes.ActualParticularControl.transportArgument_apply,216,:= rfl,[]
Euler/ParentEulerChild.lean,68,EulerParentPacketFrames.Evolution.child_force,215,:= rfl end EulerParentPacketFrames.Evolution,[]
NavierStokes/NilpotentVolterra.lean,237,NavierStokes.NilpotentVolterra.pathInverse_apply,215,:= rfl,[]
NavierStokes/SlowExpansionResidual.lean,322,NavierStokes.SlowExpansionResidual.finiteProfile_value,215,:= rfl,[]
Euler/SobolevL2Product.lean,123,EulerSobolevL2Product.scalarProductBilinear_apply,214,:= rfl,[]
Euler/TimeH1Reconstruction.lean,46,EulerTimeH1Reconstruction.reconstruction_apply,214,:= rfl,[]
Euler/SmoothTimeFieldPrecomp.lean,45,SmoothTimeField.precompLinear_jet_apply,212,:= rfl,[]
Euler/SmoothFlowCoefficientPaths.lean,97,EulerSmoothBanachFlow.velocityCoefficient_apply,211,:= rfl,[]
NavierStokes/PhysicalResidualTZ.lean,267,NavierStokes.PhysicalResidualTZ.complexPerturbation_swap,211,:= rfl,[]
NavierStokes/InitialPhysicalData.lean,738,NavierStokes.InitialPhysicalData.slowInput_common,210,:= rfl,[]
Euler/SobolevWordConstraints.lean,21,EulerSobolevWordConstraints.sobolevGradientProjection_value,208,:= rfl,[]
Euler/SobolevProduct.lean,130,EulerSobolevL2Product.productHqBilinear_apply,205,:= rfl end EulerSobolevL2Product,[]
NavierStokes/ActualCandidateConstruction.lean,496,NavierStokes.ActualCandidateConstruction.angularMeanStages_succ,204,:= rfl,[]
NavierStokes/PhysicalResidualNaturality.lean,634,NavierStokes.PhysicalResidualNaturality.associatedChart_apply,203,:= rfl,[]
NavierStokes/ActualSignedPhysicalData.lean,1962,NavierStokes.ActualSignedPhysicalData.potentialWaveData_vector,203,:= rfl,[]
NavierStokes/PhysicalWaveSum.lean,581,NavierStokes.PhysicalWaveSum.polarCarrier_withChart,203,:= rfl,[]
NavierStokes/ActualParticularStageControls.lean,1316,NavierStokes.ActualParticularStageControls.native_background_eq,202,:= rfl,[]
Euler/SmoothTimeFieldBilinear.lean,78,SmoothTimeField.uncurryRightPath_apply,202,:= rfl,[]
Euler/ChildParticleFieldBounds.lean,239,EulerChildParticleFieldBounds.Data.childVelocity_apply,201,:= rfl,[]
NavierStokes/ParticularWaveBounds.lean,1656,NavierStokes.ParticularWaveBounds.shear_at_constant,201,:= rfl,[]
NavierStokes/ActualCandidateConstruction.lean,500,NavierStokes.ActualCandidateConstruction.pressureMeanStages_succ,200,:= rfl,[]
NavierStokes/PhysicalResidualTZ.lean,271,NavierStokes.PhysicalResidualTZ.complexPressure_swap,199,:= rfl,[]
Euler/MeanDisplacementRegularity.lean,141,EulerMeanVariationalInverse.meanTestMap_coe,199,:= rfl,[]
NavierStokes/ActualParticularStageControls.lean,509,NavierStokes.ActualParticularStageControls.selected_scale,198,:= rfl,[]
Euler/ParentPacketStrainEvolution.lean,25,EulerParentPacketFrames.Parent.inverseDerivative_apply,196,:= rfl,[]
NavierStokes/CorrectionInitialization.lean,3964,NavierStokes.CorrectionInitialization.ActualPrimary.phase_frequency,195,:= rfl,[]
Euler/PacketCoefficientTower.lean,23,EulerPacketCylinderField.MatrixCoefficient.toCoefficientTower_coefficient,195,:= rfl,[]
NavierStokes/TerminalCompensation.lean,270,NavierStokes.TerminalCompensation.quadraticCLM_apply,195,:= rfl,[]
NavierStokes/VariableGaugeMean.lean,1517,NavierStokes.VariableGaugeMean.normalizedCutoff_q_eq_kernel,195,:= rfl,[]
NavierStokes/ActualSignedPhysicalData.lean,1966,NavierStokes.ActualSignedPhysicalData.pressureWaveData_pressure,194,:= rfl,[]
NavierStokes/ActualCycleParameters.lean,339,NavierStokes.ActualCycleParameters.primaryPiece_frequency,192,:= rfl,[]
NavierStokes/ActualCandidateConstruction.lean,492,NavierStokes.ActualCandidateConstruction.streamMeanStages_succ,192,:= rfl,[]
NavierStokes/PhysicalResidualTZ.lean,263,NavierStokes.PhysicalResidualTZ.complexBase_swap,191,:= rfl,[]
Euler/PacketSourceCorrectionCoefficients.lean,116,EulerPacketCorrectionCoefficients.linearTower_apply,191,:= rfl,[]
Euler/PacketSourceCorrectionCoefficients.lean,108,EulerPacketCorrectionCoefficients.metricTower_apply,191,:= rfl,[]
NavierStokes/ActualInitialization.lean,279,NavierStokes.ActualInitialization.initialState_reconstructed,190,:= rfl,[]
NavierStokes/DefectIncrementBounds.lean,701,NavierStokes.DefectIncrementBounds.defects_eq_stateDebt,190,:= rfl,[]
NavierStokes/R3/PressureFlux.lean,169,NavierStokesR3.PressureFlux.fluxTest_apply,190,:= rfl,[]
NavierStokes/VariableGaugeMean.lean,2590,NavierStokes.VariableGaugeMean.cutoffRadialDerivative_q_eq_kernel,188,:= rfl,[]
Euler/SmoothPhysicalGraphFlow.lean,62,EulerGraphInvariantFlow.physicalCoefficient_apply,187,:= rfl,[]
Euler/DivergenceFreeHeat.lean,46,EulerDivergenceFreeHeat.gradientEvaluation_apply,187,:= rfl,[]
NavierStokes/CorrectionInitialization.lean,3968,NavierStokes.CorrectionInitialization.ActualPrimary.phase_axial,187,:= rfl,[]
NavierStokes/ActualCycleGeometry.lean,72,NavierStokes.ActualCycleGeometry.fast_eq,187,:= rfl,[]
Euler/TransverseBoundedGeometry.lean,43,EulerTransverseBoundedFrame.normalCoefficient_apply,186,:= rfl,[]
NavierStokes/InitialPhysicalData.lean,276,NavierStokes.InitialPhysicalData.selectedCarrier_center,186,:= rfl,[]
Euler/InitialTimePrimitive.lean,115,EulerInitialTimePrimitive.initialPrimitive_eq_terminal_sub,185,:= rfl,[]
NavierStokes/HarmonicFields.lean,636,NavierStokes.HarmonicFields.angularDifferentiate_apply,183,:= rfl,[]
NavierStokes/MeanChartCompatibility.lean,314,NavierStokes.MeanChartCompatibility.coverPull_eq,183,:= rfl,[]
NavierStokes/GaugeDebtIncrement.lean,448,NavierStokes.GaugeDebtIncrement.temporalStage_mean,182,:= rfl,[]
Euler/SourceCylinderDerivativeWeight.lean,23,EulerSourceCylinderEquation.velocityDerivative_eq_physicalRhs,182,":= rfl variable (g : C(Icc (0 : ℝ) T,ℝ)) (hg : ∀ t, 0 < g t)",[]
Euler/SmoothFlowCoefficientPaths.lean,64,EulerSmoothBanachFlow.displacementCoefficient_apply,182,:= rfl,[]
NavierStokes/StateReindex.lean,408,NavierStokes.StateReindex.contextBase_pull,182,:= rfl,[]
Euler/PhysicalGraphTimeFields.lean,26,EulerPhysicalGraphFlowBounds.Data.coverDisplacementCoefficient_apply,182,:= rfl,[]
Euler/EulerProof.lean,10845,EulerVectorCalculus.curl_apply,181,:= rfl,[]
Euler/SmoothTimeFieldComposition.lean,114,SmoothTimeField.compDisplacement_apply,181,:= rfl end SmoothTimeField,[]
NavierStokes/PhysicalResidualTZ.lean,259,NavierStokes.PhysicalResidualTZ.angularDirection_swap,180,:= rfl,[]
NavierStokes/ActualCycleParameters.lean,347,NavierStokes.ActualCycleParameters.primaryPiece_angular,180,:= rfl,[]
NavierStokes/PeriodizePDE.lean,53,NavierStokes.PeriodicLocalization.temporalDerivative_translate,180,:= rfl,[]
NavierStokes/PhysicalResidualTZ.lean,406,NavierStokes.PhysicalResidualTZ.graphTemporalTZ_apply,179,:= rfl,[]
Euler/SmoothTimeFieldChain.lean,30,SmoothTimeField.applyField_apply,179,:= rfl end Application variable {E V W Z : Type} [NormedAddCommGroup E] [NormedS,[]
NavierStokes/ActualSignedNativeBounds.lean,94,NavierStokes.ActualSignedNativeBounds.nativeToCommon_eq,179,:= rfl,[]
Euler/TransverseBoundedFrame.lean,41,EulerTransverseBoundedFrame.coefficient_apply,178,:= rfl,[]
Euler/PacketSourceCorrectionCoefficients.lean,75,EulerPacketCorrectionCoefficients.inverseMetricCoefficient_apply,177,:= rfl,[]
Euler/EnergyWordCoordinates.lean,27,EulerEnergyWordCoordinates.boundedWordBlock_eq_wordAtLevel,177,:= rfl,['word']
Euler/PacketShiftedTimeGluing.lean,24,EulerPacketTimePathGluing.shiftPath_apply,175,:= rfl,[]
Euler/PacketCylinderWeightedProduct.lean,17,EulerPacketCylinderField.productProfileRatio_apply,174,:= rfl,[]
NavierStokes/DependentSignedPhysicalFamily.lean,79,NavierStokes.DependentSignedPhysicalFamily.Family.singleton_referenceRequest,174,:= by rfl,[]
Euler/SmoothTimeFieldLinear.lean,43,SmoothTimeField.map_jet_apply,174,:= rfl,[]
NavierStokes/StateReindex.lean,411,NavierStokes.StateReindex.stateMean_pull,172,:= rfl,[]
NavierStokes/BaseResidual.lean,147,NavierStokes.BaseResidual.pullback_eq_homogeneous,172,:= by rfl,[]
NavierStokes/DependentSignedPhysicalFamily.lean,163,NavierStokes.DependentSignedPhysicalFamily.diagonal_periodized,172,:= rfl,[]
NavierStokes/R3/PressureFlux.lean,165,NavierStokesR3.PressureFlux.rTest_apply,172,:= rfl,[]
NavierStokes/ActualCandidateAssembly.lean,549,NavierStokes.ActualCandidateAssembly.potentialStages_succ,172,:= rfl,[]
NavierStokes/AxisymmetricResidual.lean,33,NavierStokes.AxisymmetricResidual.packDerivative_apply,171,:= rfl,[]
Euler/QuadraticCoefficients.lean,39,EulerQuadraticSource.Coefficients.comp_apply,171,:= rfl,[]
NavierStokes/R3/PressureFunctionals.lean,250,NavierStokesR3.PressureFunctionals.pressurePairLinear_apply,171,:= rfl,[]
Euler/LpSmoothCoefficientProduct.lean,56,EulerLpSmoothCoefficientProduct.product_field,169,:= rfl,[]
NavierStokes/ActualCandidateAssembly.lean,566,NavierStokes.ActualCandidateAssembly.pressureStages_succ,169,:= rfl,[]
NavierStokes/HarmonicFields.lean,479,NavierStokes.HarmonicFields.differentiate_apply,168,:= rfl,[]
Euler/SobolevHeat.lean,33,EulerSobolevHeat.heatOperator_value,168,:= rfl,[]
Euler/LiftedSmoothTimeField.lean,83,EulerLiftedSmoothTimeField.lift_apply,168,:= rfl,[]
Euler/MeanBoundaryDifference.lean,43,EulerMeanBoundary.Cutoff.differenceQuotient_field,167,:= rfl,[]
NavierStokes/ActualSignedPhysicalData.lean,710,NavierStokes.ActualSignedPhysicalData.potentialMap_apply,166,:= rfl,[]
NavierStokes/ActualCycleParameters.lean,343,NavierStokes.ActualCycleParameters.primaryPiece_phase,165,:= rfl,[]
NavierStokes/ActualPrimaryBounds.lean,122,NavierStokes.ActualPrimaryBounds.clock_eq,165,:= rfl,[]
NavierStokes/SlowRecursion.lean,439,NavierStokes.SlowRecursion.complexProfile_mul,164,:= rfl,[]
NavierStokes/InitialPhysicalData.lean,1507,NavierStokes.InitialPhysicalData.graph_aux_common,164,:= rfl,[]
NavierStokes/SlowRecursion.lean,437,NavierStokes.SlowRecursion.complexProfile_sub,164,:= rfl,[]
NavierStokes/SlowRecursion.lean,435,NavierStokes.SlowRecursion.complexProfile_add,164,:= rfl,[]
Euler/LpCylinderRectangular.lean,57,EulerLpCylinderRectangular.fullOperatorMap_apply,163,:= rfl,[]
NavierStokes/EntranceAlignedBase.lean,820,NavierStokes.EntranceAlignedBase.modulated_axial_eq_extended,163,:= rfl,[]
NavierStokes/PhysicalMeanDomain.lean,1177,NavierStokes.PhysicalMeanDomain.chartQ_eq_slow,163,:= rfl,[]
NavierStokes/PeriodizedWaveBounds.lean,812,NavierStokes.PeriodizedWaveBounds.CopyData.localGaussian_eq,162,:= rfl omit [NormedSpace ℝ D] in,[]
NavierStokes/ActualCandidateConstruction.lean,476,NavierStokes.ActualCandidateConstruction.angularMeanStages_zero,161,:= rfl,[]
NavierStokes/AngularMomentReset.lean,200,NavierStokes.AngularMomentReset.quadraticCLM_apply,161,:= rfl,[]
NavierStokes/PhysicalStageSupport.lean,389,NavierStokes.PhysicalStageSupport.actualOuterConstant_eq,161,:= rfl,[]
Euler/InitialTimePrimitive.lean,107,EulerInitialTimePrimitive.initialPrimitive_apply,161,:= rfl,[]
NavierStokes/ActualPrimaryDynamics.lean,312,NavierStokes.ActualPrimaryDynamics.slotLinear_apply,160,:= rfl,[]
NavierStokes/ActualBaseResidual.lean,361,NavierStokes.ActualBaseResidual.profileJacobian_apply,160,:= rfl,[]
NavierStokes/ActualCyclePreservation.lean,155,NavierStokes.ActualCyclePreservation.state_succ,159,:= rfl,[]
NavierStokes/PhysicalResidualNaturality.lean,563,NavierStokes.PhysicalResidualNaturality.chartEquiv_apply,159,:= rfl,[]
Euler/PhysicalGraphGevrey.lean,38,EulerLpTranslation.SmoothL2Field.scaleField_apply,159,:= rfl,[]
NavierStokes/EntranceAlignedBase.lean,817,NavierStokes.EntranceAlignedBase.modulated_phi_eq_extended,159,:= rfl,[]
NavierStokes/PressureStream.lean,373,NavierStokes.PressureStream.graphDr_eq_physical,159,:= rfl end Graph section Pressure variable {S : Type} [NormedAddCommGroup S] [No,[]
NavierStokes/ActualCandidateConstruction.lean,472,NavierStokes.ActualCandidateConstruction.streamMeanStages_zero,158,:= rfl,[]
NavierStokes/ActualParticularStageControls.lean,1237,NavierStokes.ActualParticularStageControls.canonical_geometry_eq,158,:= rfl,[]
NavierStokes/ActualCandidateConstruction.lean,480,NavierStokes.ActualCandidateConstruction.pressureMeanStages_zero,157,:= rfl,[]
NavierStokes/TorusMeanRequestRebase.lean,83,NavierStokes.TorusMeanRequestRebase.freezeState_theta,155,:= rfl,[]
NavierStokes/TorusMeanRequestRebase.lean,86,NavierStokes.TorusMeanRequestRebase.freezeState_axial,155,:= rfl,[]
Euler/ChildParticleTime.lean,47,EulerChildParticleTime.displacement_apply,155,:= rfl,[]
NavierStokes/TorusMeanRequestRebase.lean,89,NavierStokes.TorusMeanRequestRebase.freezeContext_frame,155,:= rfl,[]
NavierStokes/PrimaryGeometryAssembly.lean,498,NavierStokes.PrimaryGeometryAssembly.construction_frequency,154,:= rfl,[]
Euler/SobolevRestriction.lean,31,EulerCylinderSobolevSpace.value_restrictOperator,154,:= rfl,[]
NavierStokes/SlowRecursion.lean,443,NavierStokes.SlowRecursion.complexProfile_pow,153,:= rfl,[]
NavierStokes/GlobalSlowProfiles.lean,213,NavierStokes.GlobalSlowProfiles.inverseDenominator_apply,153,:= rfl,[]
NavierStokes/ActualInitialCoherence.lean,310,NavierStokes.ActualInitialCoherence.initialized_reconstructed,153,:= rfl,[]
Euler/LpCylinderTranslation.lean,75,EulerLpCylinderTranslation.pathTranslate_apply,152,:= rfl,[]
NavierStokes/ExtendedHeatedOutgoing.lean,440,NavierStokes.ExtendedHeatedOutgoing.freeLogE_eq,152,:= rfl namespace Witness variable {F : Profile} {XR C : ℝ} (w : Witness F XR C),[]
Euler/TerminalTimePrimitive.lean,243,EulerTerminalTimePrimitive.terminalPrimitive_apply,152,:= rfl,[]
NavierStokes/ParticularWaveBounds.lean,973,NavierStokes.ParticularWaveBounds.frameForcingLinear_apply,152,:= rfl omit [NormedAddCommGroup Q] [NormedSpace ℝ Q] in,[]
NavierStokes/ActualParticularBackground.lean,113,NavierStokes.ActualParticularBackground.zeroRescale_defect,151,:= rfl,[]
NavierStokes/ActualParticularBackground.lean,109,NavierStokes.ActualParticularBackground.zeroRescale_normal,151,:= rfl,[]
NavierStokes/ActualCandidateAssembly.lean,545,NavierStokes.ActualCandidateAssembly.potentialStages_zero,151,:= rfl,[]
Euler/PacketCurlCoordinates.lean,23,EulerPacketPiola.curlCoefficient_apply,151,:= rfl,[]
NavierStokes/CommonCoverClass.lean,133,NavierStokes.CommonCoverClass.sourceLinear_apply,150,:= rfl,[]
NavierStokes/TerminalEdgeFactor.lean,108,NavierStokes.TerminalEdgeFactor.carrier_eq,150,:= rfl,[]
NavierStokes/CutStageEstimates.lean,526,NavierStokes.CutStageEstimates.physicalQ_linear_composition,150,:= rfl,[]
Euler/MeanOperatorTranslation.lean,26,EulerMeanOperatorTranslation.translateOperator_apply,149,:= rfl,[]
Euler/OrdinaryFieldAlgebra.lean,27,EulerOrdinarySobolev.sumField_field,149,:= rfl,[]
Euler/FieldTowerSmoothTimeField.lean,74,EulerAllOrderCorrectionData.FieldTower.toSmoothTimeField_apply,148,:= rfl,[]
NavierStokes/ActualCandidateAssembly.lean,562,NavierStokes.ActualCandidateAssembly.pressureStages_zero,148,:= rfl,[]
Euler/PacketCylinderProfileChange.lean,18,EulerPacketCylinderField.profileRatio_apply,148,:= rfl,[]
Euler/TransversePacketTimeData.lean,37,EulerTransversePacketProvider.Data.inverseDerivative_apply,148,:= rfl,[]
NavierStokes/ActualSignedStageControls.lean,1209,NavierStokes.ActualSignedStageControls.fundamental_eq_unitPulse,148,:= rfl,[]
Euler/BaseEulerParent.lean,49,EulerBaseEulerParent.Input.displacement_apply,147,:= rfl,[]
Euler/PacketCylinderFieldWeight.lean,52,EulerPacketCylinderField.Field.normalized_path,147,:= rfl,[]
Euler/AllOrderDriftFieldDecomposition.lean,21,EulerAllOrderDriftCorrection.Budget.correctedPressureTower_eq,147,:= rfl,[]
NavierStokes/NominalConeAssembly.lean,46,NavierStokes.NominalConeAssembly.p1_eq_stock,147,:= rfl,[]
Euler/TerminalProjectionTrial.lean,53,EulerTerminalProjectionTrial.operatorEvaluation_apply,147,:= rfl,[]
NavierStokes/PrimaryGeometryAssembly.lean,501,NavierStokes.PrimaryGeometryAssembly.construction_axial,146,:= rfl,[]
NavierStokes/R3/PressureRecoveryHelpers.lean,38,NavierStokesR3.PressureRecovery.realTest_apply,146,:= rfl,[]
Euler/CylinderSobolevDerivatives.lean,76,EulerCylinderSobolevSpace.value_truncateOperator,146,:= rfl,['truncate']
Euler/ParentPacketFrames.lean,84,EulerParentPacketFrames.Parent.curvature_apply,146,:= rfl,[]
NavierStokes/R3/PressureFunctionals.lean,117,NavierStokesR3.PressureFunctionals.l1PairLinear_apply,145,:= rfl,[]
NavierStokes/ActualReferenceRebase.lean,360,NavierStokes.ActualReferenceRebase.cycleAssoc_symm_apply,144,:= rfl,[]
Euler/EulerProof.lean,18174,EulerPacketExistence.picardStep_apply,144,":= rfl variable {K : ℝ≥0} (hLip : ∀ t, LipschitzWith K (f t)) include hLip",[]
Euler/CylinderEndpointForcing.lean,32,EulerCylinderDirichlet.Coefficients.endpointForcing_apply,144,:= rfl,[]
NavierStokes/PhysicalParticularWave.lean,224,NavierStokes.PhysicalParticularWave.cylinderChange_apply,144,:= rfl,[]
Euler/TransversePacketHistoryData.lean,54,EulerTransversePacketProvider.HistoryData.frameSecond_apply,142,:= rfl,[]
NavierStokes/StateReindex.lean,169,NavierStokes.StateReindex.coefficients_apply,142,:= rfl,[]
NavierStokes/R3/PressureFunctionals.lean,114,NavierStokesR3.PressureFunctionals.l2PairLinear_apply,142,:= rfl,[]
Euler/StaticEulerWeightedBounds.lean,69,EulerStaticEuler.budget_staticTimeCost,142,:= rfl,[]
NavierStokes/TangentODE.lean,76,NavierStokes.TangentODE.IntervalSystem.next_apply,142,:= rfl,[]
NavierStokes/ActualCurrentCarrierJets.lean,36,NavierStokes.ActualCurrentCarrierJets.weightedPhase_eq,142,:= rfl,[]
NavierStokes/ActualCycleCoherence.lean,792,NavierStokes.ActualCycleCoherence.state_succ,141,:= rfl,[]
NavierStokes/HarmonicStructurePreservation.lean,29,NavierStokes.HarmonicStructurePreservation.amplitude_withCarrier,141,:= rfl omit [NormedAddCommGroup D] [NormedSpace ℝ D] in,[]
Euler/ChildParticleFieldBounds.lean,236,EulerChildParticleFieldBounds.Data.childDisplacement_apply,141,:= rfl,[]
Euler/SmoothScaledFlow.lean,24,EulerSmoothBanachFlow.scaledCoefficient_apply,141,:= rfl,[]
NavierStokes/ActualParticularStageControls.lean,514,NavierStokes.ActualParticularStageControls.selected_length,140,:= rfl,[]
NavierStokes/R3/RieszTestOperators.lean,30,NavierStokesR3.RieszTestOperators.partialTest_apply,140,:= rfl,[]
NavierStokes/CompactSmoothFamily.lean,86,NavierStokes.CompactSmoothFamily.flipCLM_apply,140,:= rfl omit [NormedSpace ℝ Z] in,[]
Euler/LpCylinderTimeWeight.lean,34,EulerLpCylinderRectangular.include_weight,139,:= rfl,[]
Euler/MeanFixedCoefficientRegularity.lean,43,EulerMeanFixedCoefficientRegularity.framePathRestriction_apply,139,:= rfl,[]
NavierStokes/ActualMeanPotentialRealization.lean,346,NavierStokes.ActualMeanPotentialRealization.physicalToChartTZ_eq,139,:= by rfl,[]
NavierStokes/TerminalCompensation.lean,244,NavierStokes.TerminalCompensation.linearEquiv_apply,139,:= rfl,[]
NavierStokes/ActualParticularStageControls.lean,1384,NavierStokes.ActualParticularStageControls.meanEnvelope_eq_primary,139,:= rfl,[]
Euler/TruncatedBackwardFlow.lean,67,Euler.ComparatorBridge.TruncatedBackwardFlow.homeomorph_apply,139,:= rfl,[]
NavierStokes/SlowRecursion.lean,441,NavierStokes.SlowRecursion.complexProfile_neg,139,:= rfl,[]
NavierStokes/UniformFourierAlias.lean,659,NavierStokes.UniformFourierAlias.realCenterSource_apply,139,:= rfl,[]
NavierStokes/NilpotentVolterra.lean,270,NavierStokes.NilpotentVolterra.coefficientAction_apply,138,:= rfl,[]
NavierStokes/PhysicalResidualTZ.lean,403,NavierStokes.PhysicalResidualTZ.graphAxialTZ_apply,137,:= rfl,[]
NavierStokes/ActualSignedPhysicalBinding.lean,135,NavierStokes.ActualSignedPhysicalBinding.primary_frequency,137,:= rfl,[]
Euler/SmoothCoefficientPathMap.lean,28,EulerMeanCoefficients.SmoothCoefficientPath.map_apply,137,:= rfl,[]
Euler/EulerProof.lean,6555,EulerCylinderSobolev.iteratedFieldDerivative_zero,137,:= rfl,[]
NavierStokes/SlowRecursion.lean,449,NavierStokes.SlowRecursion.complexProfile_realConstant,137,:= rfl,[]
Euler/ParentPacketFrames.lean,81,EulerParentPacketFrames.Parent.strain_apply,136,:= rfl,[]
Euler/OrdinaryRegularizer.lean,28,EulerOrdinarySobolev.regularizerMap_apply,136,:= rfl,[]
Euler/MeanOrbitSmoothL2Field.lean,46,EulerMeanSmoothRepresentative.smoothL2Field_field,136,:= rfl,[]
Euler/SmoothCoefficientTimeRestriction.lean,38,EulerMeanCoefficients.SmoothCoefficientPath.comp_apply,136,:= rfl,[]
Euler/EulerProof.lean,8161,EulerSmoothSobolev.localize_apply,135,:= rfl omit [CompleteSpace F] in,[]
NavierStokes/ResidualPolarGraph.lean,32,NavierStokes.ResidualPolarGraph.cylindricalPoint_time,134,:= rfl,[]
Euler/LpSmoothFieldAlgebra.lean,97,EulerLpTranslation.SmoothL2Field.directionalField_field,134,:= rfl,[]
NavierStokes/HarmonicFields.lean,256,NavierStokes.HarmonicFields.conjugateReverse_apply,134,:= rfl,[]
Euler/SmoothTimeFieldRestriction.lean,30,SmoothTimeField.compTime_apply,134,:= rfl,[]
Euler/SobolevReflection.lean,108,EulerSobolevReflection.oddReflection_apply,134,:= rfl,[]
Euler/EulerProof.lean,5224,EulerSmoothLimit.divergence_eq_trace,133,:= rfl,[]
NavierStokes/SlowBorelBase.lean,784,NavierStokes.SlowBorelBase.physicalChart_eq,133,:= rfl,[]
Euler/OrdinaryVorticityCoordinates.lean,19,EulerOrdinarySobolev.componentField_apply,133,:= rfl,[]
NavierStokes/ActualPrimaryCoherence.lean,161,NavierStokes.ActualPrimaryCoherence.absoluteChart_radius,132,:= rfl,[]
NavierStokes/R3/SchwartzCompactApproximation.lean,30,NavierStokesR3.SchwartzCompactApproximation.truncate_apply,132,:= rfl,['truncate']
NavierStokes/CyclePhysicalPrefixes.lean,268,NavierStokes.CyclePhysicalPrefixes.pressureStages_zero,131,:= rfl,[]
Euler/CylinderEndpointLabels.lean,67,EulerCylinderDirichlet.Coefficients.labelVelocity_apply,131,:= rfl end EulerCylinderDirichlet.Coefficients,[]
NavierStokes/StateReindex.lean,172,NavierStokes.StateReindex.coefficients_fun,131,:= rfl,[]
NavierStokes/SlowRecursion.lean,128,NavierStokes.SlowRecursion.restrict_apply,130,:= rfl,[]
Euler/SmoothTimeFieldLinear.lean,40,SmoothTimeField.map_apply,129,:= rfl,[]
NavierStokes/GlobalSlowProfiles.lean,1203,NavierStokes.GlobalSlowProfiles.xProfile_sub,129,:= rfl,[]
NavierStokes/SmoothFamilyTorusInverse.lean,369,NavierStokes.SmoothFamilyTorusInverse.parameterLift_apply,129,:= rfl omit [FiniteDimensional ℝ P] in,[]
NavierStokes/GlobalSlowProfiles.lean,1201,NavierStokes.GlobalSlowProfiles.xProfile_add,129,:= rfl,[]
Euler/BaseEulerDatum.lean,82,EulerBaseDatum.linear_apply,129,:= rfl,[]
NavierStokes/GlobalSlowProfiles.lean,1205,NavierStokes.GlobalSlowProfiles.xProfile_mul,129,:= rfl,[]
NavierStokes/UniformAngularReset.lean,77,NavierStokes.UniformAngularReset.linearEquivNonneg_coe,129,:= rfl,[]
NavierStokes/ActualSignedPhysicalBinding.lean,138,NavierStokes.ActualSignedPhysicalBinding.primary_epsilon,128,:= rfl,[]
NavierStokes/ActualPrimaryCovariance.lean,222,NavierStokes.ActualPrimaryCovariance.activeLabels_product,128,:= rfl,[]
NavierStokes/BaseExterior.lean,47,NavierStokes.BaseExterior.heatCoefficient_z_invariant,127,:= rfl,[]
Euler/GraphInvariantFlow.lean,23,EulerGraphInvariantFlow.graphConstraint_apply,127,:= rfl,[]
Euler/CorrectionOperators.lean,30,EulerCorrectionOperators.linearize_apply,127,:= rfl,[]
NavierStokes/GlobalStressSupport.lean,428,NavierStokes.GlobalStressSupport.nominal_base_beta,127,:= rfl,[]
Euler/ContinuousTimeWeight.lean,37,EulerContinuousTimeWeight.normalize_apply,126,:= rfl,[]
NavierStokes/PhysicalMeanJetBounds.lean,203,NavierStokes.PhysicalMeanJetBounds.physicalQ_eq,125,:= rfl,[]
NavierStokes/PrimaryCopyBridge.lean,83,NavierStokes.PrimaryCopyBridge.baseOperator_apply,125,:= rfl,[]
Euler/LpSmoothFieldAlgebra.lean,30,EulerLpTranslation.SmoothL2Field.mapField_field,125,:= rfl,[]
Euler/SmoothTimeFieldAlgebra.lean,34,SmoothTimeField.add_apply,125,:= rfl,[]
NavierStokes/PulseAmplitude.lean,616,NavierStokes.PulseAmplitude.tailEnergy_eq,123,:= rfl,[]
NavierStokes/AngularMomentReset.lean,197,NavierStokes.AngularMomentReset.linearEquiv_apply,123,:= rfl,[]
NavierStokes/TerminalCompensation.lean,220,NavierStokes.TerminalCompensation.linearMatrix_entry,123,:= rfl,[]
NavierStokes/PhysicalWaveSum.lean,40,NavierStokes.PhysicalWaveSum.downLift_apply,123,:= rfl,[]
Euler/ContinuousTimeIntegral.lean,91,EulerContinuousTimeIntegral.integral_apply,123,:= rfl,[]
NavierStokes/ActualCycleResidualBounds.lean,105,NavierStokes.ActualCycleResidualBounds.actual_epsilon,122,:= rfl,[]
NavierStokes/SlowResidualMatching.lean,1165,NavierStokes.SlowResidualMatching.orderExponent_eq_axial,122,:= rfl,[]
NavierStokes/ActualPrimaryCoherence.lean,118,NavierStokes.ActualPrimaryCoherence.absoluteChart_symm_apply,122,:= rfl,[]
NavierStokes/CommonCoverClass.lean,424,NavierStokes.CommonCoverClass.currentLinear_apply,121,:= rfl,[]
Euler/CorrectionOperators.lean,23,EulerCorrectionOperators.postcompose_apply,121,:= rfl,[]
Euler/FunctionalVelocity.lean,18,EulerFunctionalVelocity.velocityMap_apply,121,:= rfl variable (period : ℝ) [Fact (0 < period)],[]
Euler/MeanCoefficientPathJets.lean,63,EulerMeanCoefficients.operatorPathMap_apply,120,:= rfl,[]
NavierStokes/ActualCycleGeometry.lean,76,NavierStokes.ActualCycleGeometry.temporal_eq,120,:= rfl,[]
Euler/PacketSourceScaleChoice.lean,232,EulerPacketSourceScaleChoice.scaleSequence_succ,120,:= rfl,[]
Euler/ParentPacketFrames.lean,78,EulerParentPacketFrames.Parent.inverse_apply,120,:= rfl,[]
NavierStokes/OutgoingDilation.lean,94,NavierStokes.OutgoingDilation.energyDensity_scaling,120,:= rfl,[]
Euler/SobolevPressureResolvent.lean,20,EulerSobolevCoefficientPressure.value_sub,120,:= rfl,[]
Euler/SmoothBanachFlow.lean,49,EulerSmoothBanachFlow.pathFamily_apply,120,:= rfl,[]
NavierStokes/FiveRowRank.lean,357,NavierStokes.FiveRowRank.deltaVLinearMap_apply,119,:= rfl,[]
NavierStokes/SmoothPathFamily.lean,87,NavierStokes.SmoothPathFamily.flipPath_apply,119,:= rfl,[]
NavierStokes/ActualSignedPhysicalData.lean,1196,NavierStokes.ActualSignedPhysicalData.nativeCylinder_map,119,:= rfl,[]
Euler/TimeLpLinearity.lean,44,EulerTimeLp.pathLpOperator_apply,119,:= rfl end EulerTimeLp,[]
Euler/OrdinaryFieldScaling.lean,21,EulerOrdinarySobolev.scaleField_field,119,:= rfl,[]
Euler/PacketSlicedJets.lean,24,EulerPacketPointJets.joinDerivative_apply,118,:= rfl,[]
NavierStokes/BaseExterior.lean,50,NavierStokes.BaseExterior.heatPressure_z_invariant,118,:= rfl,[]
NavierStokes/ActualBaseVelocityBounds.lean,52,NavierStokes.ActualBaseVelocityBounds.X_eq,118,:= rfl,[]
NavierStokes/SlowRecursion.lean,451,NavierStokes.SlowRecursion.complexProfile_parameter,117,:= rfl,[]
NavierStokes/ParametricODE.lean,78,NavierStokes.ParametricODE.integrator_apply,117,:= rfl,[]
Euler/OrdinaryRegularizedEquation.lean,86,EulerOrdinarySobolev.SmoothingOperator.quadratic_apply,117,:= rfl,[]
NavierStokes/OutgoingHistories.lean,501,NavierStokes.OutgoingHistories.M_eq_massMoment,117,:= rfl,[]
Euler/LpSmoothFieldAlgebra.lean,54,EulerLpTranslation.SmoothL2Field.addField_field,117,:= rfl,[]
NavierStokes/SlowRecursion.lean,447,NavierStokes.SlowRecursion.complexProfile_one,116,:= rfl,[]
NavierStokes/PhysicalParticularWave.lean,170,NavierStokes.PhysicalParticularWave.waveEquiv_apply,116,:= rfl,[]
NavierStokes/ActualWaveRegularityData.lean,1292,NavierStokes.ActualWaveRegularityData.nativeToFull_eq,116,:= rfl,[]
NavierStokes/FiveRowRank.lean,360,NavierStokes.FiveRowRank.gammaLinearMap_apply,116,:= rfl,[]
NavierStokes/EntranceAlignedBase.lean,808,NavierStokes.EntranceAlignedBase.modulated_base_eq,116,:= rfl,[]
NavierStokes/PhysicalCoordinateBounds.lean,195,NavierStokes.PhysicalCoordinateBounds.dilation_apply,115,:= rfl,[]
NavierStokes/PhysicalResidualNaturality.lean,626,NavierStokes.PhysicalResidualNaturality.associatedToLift_apply,115,:= rfl,[]
Euler/SmoothL2ScalingContinuity.lean,23,EulerLpTranslation.SmoothL2Field.subField_apply,115,:= rfl,[]
Euler/SourceNormalCoefficient.lean,31,EulerSourceNormalCoefficient.normalColumn_apply,115,:= rfl omit [CompleteSpace E] in,[]
Euler/ParentStageDirection.lean,114,EulerPacketSourceGeometry.ParentFrame.forward_normal_choice,115,:= rfl,[]
Euler/PacketPotentialNormalMap.lean,20,EulerPacketCrossProduct.normalPotentialMap_apply,114,:= rfl,[]
NavierStokes/PhysicalWaveSum.lean,578,NavierStokes.PhysicalWaveSum.withChart_center,114,:= rfl,[]
NavierStokes/HarmonicFields.lean,79,NavierStokes.HarmonicFields.evaluate_eq_hom,113,:= rfl,[]
NavierStokes/OutgoingDilation.lean,329,NavierStokes.OutgoingDilation.switchRadius_eq,113,:= rfl,[]
NavierStokes/MeanChartCompatibility.lean,87,NavierStokes.MeanChartCompatibility.chartLinear_apply,112,:= rfl,[]
NavierStokes/ActualSignedCoherence.lean,51,NavierStokes.ActualSignedCoherence.chart_apply,111,:= rfl,[]
NavierStokes/CorrectionStep.lean,5147,NavierStokes.CorrectionStep.CycleParameters.next_reconstructed,111,:= rfl end CycleParameters end ActualCycle section ConstructedTemporalStage open,[]
Euler/PacketCylinderFieldAdvection.lean,29,EulerPacketCylinderField.normalComponentMap_apply,111,:= rfl,[]
NavierStokes/StateReindex.lean,32,NavierStokes.StateReindex.cylinder_symm_apply,110,:= rfl,[]
NavierStokes/SlowRecursion.lean,91,NavierStokes.SlowRecursion.mul_apply,110,:= rfl,[]
NavierStokes/InitialPhysicalData.lean,1352,NavierStokes.InitialPhysicalData.positiveIndex_band,110,:= rfl,[]
NavierStokes/SlowRecursion.lean,93,NavierStokes.SlowRecursion.sub_apply,110,:= rfl,[]
NavierStokes/SlowRecursion.lean,89,NavierStokes.SlowRecursion.add_apply,110,:= rfl,[]
NavierStokes/ActualPrimaryCoherence.lean,115,NavierStokes.ActualPrimaryCoherence.absoluteChart_apply,110,:= rfl,[]
Euler/ContinuousTimeIntegral.lean,41,EulerContinuousTimeIntegral.multiplier_apply,109,:= rfl,[]
Euler/PacketPhysicalEulerTransform.lean,18,EulerPacketPhysicalTransform.spaceTimeGraph_apply,109,:= rfl,[]
Euler/CylinderAngleAverage.lean,110,EulerCylinderAngleAverage.pathAverage_apply,109,:= rfl omit [CompleteSpace V] in,[]
NavierStokes/PhysicalWaveSum.lean,922,NavierStokes.PhysicalWaveSum.realCoordinate_apply,109,:= rfl,[]
Euler/PacketCofactorOperator.lean,54,EulerPacketCofactor.rowOperator_apply,109,:= rfl,[]
Euler/StaticEulerWeightedBounds.lean,66,EulerStaticEuler.budget_retainedRadius,109,:= rfl,[]
Euler/MeanPacketProvider.lean,70,EulerMeanPacketProvider.Forcing.vector_angle_independent,108,:= rfl,[]
Euler/OrdinaryEulerRestriction.lean,37,EulerOrdinarySobolev.Evolution.restrictTime_initial,108,:= rfl,[]
NavierStokes/ActualMeanPotentialRealization.lean,56,NavierStokes.ActualMeanPotentialRealization.chartPoint_radius,108,:= rfl,[]
Euler/MeanPacketProvider.lean,73,EulerMeanPacketProvider.Forcing.scalar_angle_independent,108,:= rfl,[]
NavierStokes/DependentSignedPhysicalFamily.lean,60,NavierStokes.DependentSignedPhysicalFamily.Family.singleton_active,108,:= rfl,[]
Euler/ContinuousSpatialFamily.lean,153,EulerContinuousSpatialFamily.SpatialFamily.derivative_bound,107,:= rfl,[]
NavierStokes/PhysicalClassBounds.lean,622,NavierStokes.PhysicalClassBounds.slowFast_apply,107,:= rfl,[]
NavierStokes/NominalProfile.lean,892,NavierStokes.NominalProfile.Controls.preparedProfiles_U,107,:= rfl,[]
Euler/AllOrderDriftFieldDecomposition.lean,18,EulerAllOrderDriftCorrection.Budget.correctedFieldTower_eq,106,:= rfl,[]
NavierStokes/PrimaryCopyBridge.lean,341,NavierStokes.PrimaryCopyBridge.baseOperatorFamily_apply,106,:= rfl,[]
Euler/ParentPacketFrames.lean,135,EulerParentPacketFrames.Parent.initialStrain_apply,106,:= rfl end Parent end EulerParentPacketFrames,[]
NavierStokes/CorrectionInitialization.lean,4261,NavierStokes.CorrectionInitialization.ActualPrimary.commonGauge_length,105,:= rfl section ActualMask variable {B N0 : ℕ},[]
NavierStokes/PhysicalWaveSum.lean,575,NavierStokes.PhysicalWaveSum.withChart_chart,105,:= rfl,[]
Euler/DirichletEndpointReduction.lean,32,EulerDirichletEndpointReduction.stationaryPart_eq,105,:= rfl,[]
Euler/MeanBoundaryMixed.lean,134,EulerMeanBoundary.mixedBoundaryOperator_diagonal,104,:= rfl,[]
NavierStokes/WeightedODEJets.lean,35,NavierStokes.WeightedODEJets.jet_cons,104,:= rfl,[]
NavierStokes/RadialAlias.lean,175,NavierStokes.RadialAlias.sourceJet_zero,104,:= rfl,[]
Euler/OrdinaryFieldAlgebra.lean,53,EulerOrdinarySobolev.fieldNeg_field,104,:= rfl,[]
NavierStokes/ActualPrimaryBounds.lean,1417,NavierStokes.ActualPrimaryBounds.slow_auxiliary,103,:= rfl,[]
NavierStokes/CutStageEstimates.lean,523,NavierStokes.CutStageEstimates.physicalProjection_apply,103,:= rfl,[]
NavierStokes/ActualParticularDynamics.lean,40,NavierStokes.ActualParticularDynamics.nativeToFull_apply,102,:= rfl,[]
Euler/GraphInvariantFlow.lean,17,EulerGraphInvariantFlow.graphLinear_apply,101,:= rfl,[]
NavierStokes/GlobalSlowProfiles.lean,1207,NavierStokes.GlobalSlowProfiles.xProfile_constant,101,:= rfl,[]
NavierStokes/BaseContextAssembly.lean,68,NavierStokes.BaseContextAssembly.slowCoordinates_apply,101,:= rfl,[]
Euler/CylinderMeasureDescent.lean,32,EulerCylinderMeasureDescent.deck_apply,100,:= rfl,[]
NavierStokes/SlowRecursion.lean,95,NavierStokes.SlowRecursion.neg_apply,100,:= rfl,[]
Euler/CylinderSpatialMeanPath.lean,29,EulerCylinderSpatialMean.pathMean_apply,100,:= rfl,[]
Euler/OrdinarySmoothingOperator.lean,74,EulerOrdinarySobolev.SmoothingOperator.lift_apply,100,:= rfl,[]
NavierStokes/ActualInitialization.lean,667,NavierStokes.ActualInitialization.geometry_operators,99,:= rfl,[]
NavierStokes/GlobalSlowProfiles.lean,78,NavierStokes.GlobalSlowProfiles.mul_apply,99,:= rfl,[]
NavierStokes/GlobalSlowProfiles.lean,76,NavierStokes.GlobalSlowProfiles.add_apply,99,:= rfl,[]
Euler/ParentStageHorizon.lean,60,EulerPacketSourceGeometry.ParentFrame.restrictTime_horizon,99,:= rfl end EulerPacketSourceGeometry.ParentFrame namespace EulerParentStageHoriz,[]
NavierStokes/ActualSignedStageControls.lean,134,NavierStokes.ActualSignedStageControls.directions_fast,99,:= rfl,[]
NavierStokes/GlobalSlowProfiles.lean,80,NavierStokes.GlobalSlowProfiles.sub_apply,99,:= rfl,[]
NavierStokes/InitialPhysicalData.lean,1330,NavierStokes.InitialPhysicalData.pressureWaveData_pressure,99,:= rfl,[]
Euler/ContinuousPathComposition.lean,125,EulerContinuousPathComposition.adjointMap_apply,98,:= rfl,[]
NavierStokes/PolarCharts.lean,349,NavierStokes.PolarCharts.scalePlane_apply,98,:= rfl,[]
NavierStokes/ActualSignedCoherence.lean,128,NavierStokes.ActualSignedCoherence.chart_radius,98,:= rfl,[]
NavierStokes/InitialPhysicalData.lean,1327,NavierStokes.InitialPhysicalData.potentialWaveData_vector,98,:= rfl,[]
NavierStokes/HarmonicMeanInteraction.lean,29,NavierStokes.HarmonicMeanInteraction.coeff_sub,98,:= rfl omit [NormedAddCommGroup D] [NormedSpace ℝ D] in,[]
NavierStokes/HarmonicMeanInteraction.lean,25,NavierStokes.HarmonicMeanInteraction.coeff_add,98,:= rfl omit [NormedAddCommGroup D] [NormedSpace ℝ D] in,[]
NavierStokes/SmoothLoop.lean,431,NavierStokes.SmoothLoop.phaseHomeomorph_apply,98,:= rfl,[]
Euler/EulerSpatialRescaling.lean,18,EulerSpatialRescaling.coordinates_apply,97,:= rfl,[]
Euler/MeanCoefficientFrame.lean,20,EulerMeanCoefficients.adjointField_apply,97,:= rfl,[]
NavierStokes/ActualBaseVelocityBounds.lean,36,NavierStokes.ActualBaseVelocityBounds.q_eq,97,:= rfl,[]
NavierStokes/PhysicalResidualNaturality.lean,33,NavierStokes.PhysicalResidualNaturality.scalarEquiv_apply,97,:= rfl,[]
Euler/OrdinarySmoothWords.lean,35,EulerOrdinarySobolev.wordField_zero,96,:= rfl,['word']
NavierStokes/PhysicalResidualTZ.lean,56,NavierStokes.PhysicalResidualTZ.swapCylinder_swapCylinder,96,:= rfl,[]
NavierStokes/PhysicalGraphBounds.lean,67,NavierStokes.PhysicalGraphBounds.radialProjection_apply,96,:= rfl,[]
Euler/MeanCoefficientSpatial.lean,21,EulerMeanCoefficients.translated_apply,96,:= rfl,[]
NavierStokes/CorrectionInitialization.lean,4068,NavierStokes.CorrectionInitialization.ActualPrimary.length_sign,96,:= rfl,[]
NavierStokes/PrimaryGeometryAssembly.lean,536,NavierStokes.PrimaryGeometryAssembly.construction_u,95,:= rfl,[]
NavierStokes/PhysicalResidualTZ.lean,36,NavierStokes.PhysicalResidualTZ.swapSlow_apply,95,:= rfl,[]
NavierStokes/ExtendedHeatedOutgoing.lean,422,NavierStokes.ExtendedHeatedOutgoing.M_unchanged,95,:= rfl,[]
Euler/MeanGradientTestSpace.lean,76,EulerMeanGradientTest.testGradient_apply,95,:= rfl,[]
NavierStokes/TransportPrimitive.lean,129,NavierStokes.TransportPrimitive.shift_fst,95,:= rfl,[]
NavierStokes/HeatedOutgoing.lean,454,NavierStokes.HeatedOutgoing.M_unchanged,95,:= rfl,[]
Euler/EulerProof.lean,12448,EulerGraphPullback.liftedDirection_apply,95,:= rfl,[]
Euler/BoundedFieldCalculus.lean,215,EulerBoundedFieldCalculus.adjointMap_apply,94,:= rfl,[]
Euler/CylinderSpatialMean.lean,35,EulerCylinderSpatialMean.mean_apply,94,:= rfl,[]
NavierStokes/PhysicalResidualTZ.lean,409,NavierStokes.PhysicalResidualTZ.graphRadialTZ_eq,94,:= rfl,[]
NavierStokes/VolterraParity.lean,27,NavierStokes.VolterraParity.parityVec_apply,94,:= rfl,[]
NavierStokes/StateReindex.lean,29,NavierStokes.StateReindex.cylinder_apply,93,:= rfl,[]
NavierStokes/PeriodicIntegration.lean,49,NavierStokes.PeriodicIntegration.toSpace_single,93,:= rfl,[]
Euler/ContinuousTimeWeight.lean,26,EulerContinuousTimeWeight.weight_apply,93,:= rfl,[]
NavierStokes/SlowRecursion.lean,97,NavierStokes.SlowRecursion.zero_apply,93,:= rfl,[]
Euler/BasePacketSetup.lean,51,EulerBaseDatum.firstCoordinate_map,92,:= rfl,[]
NavierStokes/PhysicalResidualTZ.lean,50,NavierStokes.PhysicalResidualTZ.swapCylinder_apply,92,:= rfl,[]
NavierStokes/SlowRecursion.lean,99,NavierStokes.SlowRecursion.one_apply,92,:= rfl,[]
Euler/PacketStageGuards.lean,72,EulerPacketInduction.Stage.joinedGuards_y,92,:= rfl,[]
Euler/ContinuousPathCalculus.lean,59,EulerContinuousPathCalculus.coefficientMap_apply,91,:= rfl,[]
Euler/PacketPotentialRegularity.lean,23,EulerPacketPiola.curlOperator_apply,90,:= rfl,[]
NavierStokes/MeanRankUpdate.lean,765,NavierStokes.MeanRankUpdate.chartInput_apply,90,:= rfl,[]
NavierStokes/CurlClassBounds.lean,115,NavierStokes.CurlClassBounds.complexify_apply,90,:= rfl,[]
Euler/EulerTimeRescaling.lean,18,EulerTimeRescaling.coordinates_apply,89,:= rfl,[]
NavierStokes/GlobalSlowProfiles.lean,82,NavierStokes.GlobalSlowProfiles.neg_apply,89,:= rfl,[]
NavierStokes/CorrectionInitialization.lean,3960,NavierStokes.CorrectionInitialization.ActualPrimary.gauge_length,89,:= rfl,[]
NavierStokes/PhysicalResidualTZ.lean,411,NavierStokes.PhysicalResidualTZ.graphAngularTZ_eq,87,:= rfl,[]
NavierStokes/ExtendedHeatDebts.lean,121,NavierStokes.ExtendedHeatDebts.correctionJet_zero,87,:= rfl,[]
Euler/PacketTimeProfiles.lean,40,EulerPacketTimeProfile.Scales.high_apply,87,:= rfl,[]
NavierStokes/ActualCycleGeometry.lean,70,NavierStokes.ActualCycleGeometry.epsilon_eq,87,:= rfl,[]
NavierStokes/PhysicalGraphBounds.lean,282,NavierStokes.PhysicalGraphBounds.timeProfile_apply,87,:= rfl,[]
Euler/PacketStageGuards.lean,128,EulerPacketInduction.Stage.forwardGuards_y,87,:= rfl,[]
NavierStokes/SmoothFamilyTorusInverse.lean,377,NavierStokes.SmoothFamilyTorusInverse.torusLiftY_apply,87,:= rfl,[]
NavierStokes/SmoothFamilyTorusInverse.lean,373,NavierStokes.SmoothFamilyTorusInverse.torusLiftX_apply,87,:= rfl omit [FiniteDimensional ℝ P] in,[]
NavierStokes/PrimaryPulseBounds.lean,37,NavierStokes.PrimaryPulseBounds.timeLinear_apply,86,:= rfl,[]
NavierStokes/ActualCycleGeometry.lean,46,NavierStokes.ActualCycleGeometry.strip_eq_geometry,86,:= rfl,[]
NavierStokes/BaseContextAssembly.lean,294,NavierStokes.BaseContextAssembly.slowCoordinates_insert,86,:= rfl,[]
Euler/PacketStageGuards.lean,74,EulerPacketInduction.Stage.joinedGuards_shear,85,:= rfl,[]
NavierStokes/SpatialBorelExtension.lean,109,NavierStokes.SpatialBorelExtension.timeScale_apply,84,:= rfl omit [FiniteDimensional ℝ X] in,[]
NavierStokes/InitialPhysicalData.lean,911,NavierStokes.InitialPhysicalData.copyPotential_field,84,:= rfl end PhysicalFamilies section NativeProfiles variable {B N0 : ℕ},[]
NavierStokes/RadialFluxResidual.lean,30,NavierStokes.RadialFluxResidual.sProjection_apply,84,:= rfl,[]
Euler/PacketStageGuards.lean,130,EulerPacketInduction.Stage.forwardGuards_shear,84,:= rfl,[]
NavierStokes/GlobalSlowProfiles.lean,97,NavierStokes.GlobalSlowProfiles.constant_apply,83,:= rfl,[]
NavierStokes/ActualSignedCommonDynamics.lean,23,NavierStokes.ActualSignedCommonDynamics.angular_direction,83,:= rfl,[]
NavierStokes/SlowBorelBase.lean,29,NavierStokes.SlowBorelBase.scaleMap_apply,82,:= rfl,[]
NavierStokes/ActualCycleParameters.lean,130,NavierStokes.ActualCycleParameters.swap_apply,81,:= rfl,[]
Euler/PacketLiftedPiola.lean,24,EulerPacketPiola.realAdjoint_apply,81,:= rfl,[]
Euler/PacketStageGuards.lean,73,EulerPacketInduction.Stage.joinedGuards_delta,80,:= rfl,[]
Euler/MeanCoefficientMultipliers.lean,61,EulerMeanCoefficients.multiplierMap_apply,80,:= rfl,[]
Euler/PacketStageGuards.lean,75,EulerPacketInduction.Stage.joinedGuards_CM,79,:= rfl,[]
NavierStokes/ActualCycleGeometry.lean,60,NavierStokes.ActualCycleGeometry.outer_eq,79,:= rfl,[]
NavierStokes/ActualCycleGeometry.lean,58,NavierStokes.ActualCycleGeometry.inner_eq,79,:= rfl,[]
Euler/PacketStageGuards.lean,129,EulerPacketInduction.Stage.forwardGuards_delta,79,:= rfl,[]
NavierStokes/AxisymmetricFields.lean,25,NavierStokes.AxisymmetricFields.projection_apply,79,:= rfl,[]
Euler/PacketPotentialMultiplier.lean,38,EulerPacketCrossProduct.crossOperator_apply,79,:= rfl,[]
Euler/ConstantEulerGraph.lean,28,EulerConstantEuler.inclusion_apply,79,:= rfl variable {P T : ℝ} [Fact (0 < P)] {hT : 0 < T} {F R : FieldTower P T} {B ,[]
NavierStokes/GlobalSlowProfiles.lean,84,NavierStokes.GlobalSlowProfiles.zero_apply,78,:= rfl,[]
NavierStokes/CyclePhysicalPrefixes.lean,107,NavierStokes.CyclePhysicalPrefixes.next_pressure,78,:= rfl,[]
NavierStokes/PhysicalGraphBounds.lean,1032,NavierStokes.PhysicalGraphBounds.liftXY_apply,78,:= rfl,[]
Euler/PacketStageGuards.lean,76,EulerPacketInduction.Stage.joinedGuards_CH,78,:= rfl,[]
Euler/EulerProof.lean,12446,EulerGraphPullback.graphMap_apply,77,:= rfl,[]
NavierStokes/GlobalSlowProfiles.lean,85,NavierStokes.GlobalSlowProfiles.one_apply,77,:= rfl,[]
Euler/PacketStageRestriction.lean,103,EulerPacketInduction.Stage.restrictedFrame_sigma,77,:= rfl,[]
Euler/PacketStageRestriction.lean,106,EulerPacketInduction.Stage.restrictedFrame_error,77,:= rfl,[]
NavierStokes/EntranceAlignedBase.lean,162,NavierStokes.EntranceAlignedBase.scheme_base,77,:= rfl,[]
Euler/PacketStageRestriction.lean,104,EulerPacketInduction.Stage.restrictedFrame_shear,77,:= rfl,[]
Euler/PacketSourceScaleChoice.lean,230,EulerPacketSourceScaleChoice.scaleSequence_zero,76,:= rfl,[]
NavierStokes/PrimaryResidualClass.lean,342,NavierStokes.PrimaryResidualClass.realProjection_apply,76,:= rfl,[]
NavierStokes/PhysicalGraphBounds.lean,1033,NavierStokes.PhysicalGraphBounds.liftZT_apply,76,:= rfl,[]
Euler/CylinderSpatialEmbedding.lean,92,EulerCylinderSpatialEmbedding.embedding_apply,76,:= rfl,[]
NavierStokes/ActualCycleGeometry.lean,62,NavierStokes.ActualCycleGeometry.index_eq,76,:= rfl,[]
NavierStokes/SlowExpansionResidual.lean,56,NavierStokes.SlowExpansionResidual.previous_succ,76,:= rfl,[]
NavierStokes/R3/RieszHeatRepresentation.lean,23,NavierStokesR3.Comparison.realAlgebraMap_apply,75,:= rfl,[]
NavierStokes/HarmonicMeanInteraction.lean,36,NavierStokes.HarmonicMeanInteraction.coeff_zero,73,:= rfl omit [NormedAddCommGroup D] [NormedSpace ℝ D] in,[]
Euler/PacketMovingFrame.lean,32,EulerPacketMovingFrame.crossBilinear_apply,73,:= rfl,[]
Euler/PacketInitialSmoothLimit.lean,23,EulerPacketInitial.Input.increment_field,73,:= rfl,[]
NavierStokes/EntranceAlignedBase.lean,815,NavierStokes.EntranceAlignedBase.modulated_outer,72,:= rfl,[]
Euler/PacketStageGuards.lean,71,EulerPacketInduction.Stage.joinedGuards_radius,72,:= rfl,[]
NavierStokes/ActualInitialization.lean,266,NavierStokes.ActualInitialization.sourceState_mean,71,:= rfl,[]
Euler/PacketStageGuards.lean,127,EulerPacketInduction.Stage.forwardGuards_radius,71,:= rfl,[]
NavierStokes/TorusInverse.lean,63,NavierStokes.TorusInverse.liftX_apply,69,:= rfl,[]
NavierStokes/TorusInverse.lean,64,NavierStokes.TorusInverse.liftY_apply,69,:= rfl,[]
Euler/PacketStageRestriction.lean,97,EulerPacketInduction.Stage.restrictedLow_exterior,68,:= rfl,[]
Euler/PacketStageRestriction.lean,99,EulerPacketInduction.Stage.restrictedLow_pressure,66,:= rfl,[]
Euler/PacketJoinedSuccessor.lean,181,EulerPacketInduction.Stage.joinedNext_time,65,:= rfl,[]
Euler/PacketStageRestriction.lean,105,EulerPacketInduction.Stage.restrictedFrame_G,65,:= rfl,[]
Euler/PacketStageRestriction.lean,102,EulerPacketInduction.Stage.restrictedFrame_a,65,:= rfl,[]
Euler/PacketRecursiveForcing.lean,15,EulerPacketProfileRecursion.zero_highPressure,64,:= rfl,[]
NavierStokes/PrimaryRepresentatives.lean,34,NavierStokes.PrimaryRepresentatives.slow_position,64,:= rfl,[]
Euler/PacketStageRestriction.lean,98,EulerPacketInduction.Stage.restrictedLow_core,64,:= rfl,[]
Euler/PacketInitialInput.lean,81,EulerPacketInitial.Input.highField_field,64,:= rfl,[]
Euler/PacketInitialInput.lean,82,EulerPacketInitial.Input.meanField_field,64,:= rfl,[]
Euler/PacketForwardSuccessor.lean,174,EulerPacketInduction.Stage.forwardNext_time,64,:= rfl end EulerPacketInduction.Stage,[]
Euler/PacketStageRestriction.lean,101,EulerPacketInduction.Stage.restrictedLow_radius,64,:= rfl,[]
NavierStokes/MovingFrameODE.lean,33,NavierStokes.MovingFrameODE.pack_one,63,:= rfl,[]
NavierStokes/MovingFrameODE.lean,34,NavierStokes.MovingFrameODE.pack_two,63,:= rfl,[]
Euler/PacketCrossProduct.lean,27,EulerPacketCrossProduct.crossLeft_apply,63,:= rfl,[]
NavierStokes/MovingFrameODE.lean,32,NavierStokes.MovingFrameODE.pack_zero,62,:= rfl,[]
NavierStokes/ActualIterationLedger.lean,36,NavierStokes.ActualIterationLedger.sigma_formula,62,:= rfl,[]
NavierStokes/ActualMeanPhysicalData.lean,771,NavierStokes.ActualMeanPhysicalData.initialGeometry_rank,62,:= rfl,[]
NavierStokes/EvenSmoothDescent.lean,243,NavierStokes.EvenSmoothDescent.radialIterate_zero,62,:= rfl omit [CompleteSpace E] in,[]
NavierStokes/NominalProfile.lean,589,NavierStokes.NominalProfile.Controls.reference_radius,60,:= rfl,[]
Euler/PacketRecursiveForcing.lean,14,EulerPacketProfileRecursion.zero_corrector,58,:= rfl,[]
NavierStokes/SmoothFourierData.lean,70,NavierStokes.SmoothFourierData.xJet_zero,56,:= rfl,[]
NavierStokes/WeightedODEJets.lean,33,NavierStokes.WeightedODEJets.jet_nil,50,:= rfl,[]
NavierStokes/ActivationContinuation.lean,1509,NavierStokes.ActivationContinuation.RampParameters.radius0_eq,48,:= rfl,[]
