file,in_cone_thms,decls,structures,prop_defs,theorems,estimate_signal_frac,class
NavierStokes/SquaredPartition.lean,66,103,0,0,88,0.73,ESTIMATE
NavierStokes/IntegratedMeanBalances.lean,53,106,2,0,81,0.72,STRUCTURAL
NavierStokes/MeanStateRegularity.lean,53,67,5,2,56,0.64,STRUCTURAL
NavierStokes/TailEnergyBounds.lean,53,62,0,0,54,0.83,ESTIMATE
NavierStokes/ReleaseMoments.lean,48,64,0,0,56,0.71,ESTIMATE
NavierStokes/PulseCovariance.lean,44,91,3,0,65,0.80,STRUCTURAL
NavierStokes/CopyAngularInvariance.lean,37,56,1,2,49,0.67,STRUCTURAL
NavierStokes/ActualPhysicalPrefixFields.lean,34,43,1,1,34,0.82,STRUCTURAL
NavierStokes/ClosedNativeWaveIdentities.lean,34,44,4,0,40,0.68,STRUCTURAL
NavierStokes/ActivationCone.lean,31,55,0,0,40,0.82,ESTIMATE
NavierStokes/ResetEnergyBounds.lean,30,39,0,0,34,0.71,ESTIMATE
NavierStokes/ParametricModulation.lean,29,49,2,0,35,0.77,STRUCTURAL
NavierStokes/SimilarityProfile.lean,29,51,0,0,31,0.94,ESTIMATE
NavierStokes/EndpointCoordinates.lean,28,53,0,0,40,0.90,ESTIMATE
NavierStokes/VolterraRegularity.lean,28,47,1,0,40,0.88,STRUCTURAL
NavierStokes/ResidualRegularity.lean,27,30,0,0,30,0.83,ESTIMATE
NavierStokes/PeriodicPhaseAssembly.lean,25,95,1,0,76,0.50,STRUCTURAL
NavierStokes/ActualValidBandWaves.lean,24,31,0,0,25,0.72,ESTIMATE
NavierStokes/BasePrefixIdentity.lean,24,29,2,0,25,0.72,STRUCTURAL
NavierStokes/CurrentSignedCurl.lean,24,31,0,0,26,0.73,ESTIMATE
NavierStokes/ModulatedExterior.lean,24,37,1,1,33,0.79,STRUCTURAL
Euler/PacketGeometryLowBounds.lean,23,31,0,0,23,0.96,ESTIMATE
NavierStokes/HeatProfileExtension.lean,23,38,0,0,31,0.87,ESTIMATE
NavierStokes/LocalizedMomentRepair.lean,23,39,0,0,31,0.77,ESTIMATE
NavierStokes/ActualCarrierGeometry.lean,22,29,0,0,25,0.88,ESTIMATE
NavierStokes/AxisCoefficientSpace.lean,22,52,1,1,38,0.58,STRUCTURAL
NavierStokes/WaveStateRegularity.lean,22,28,1,3,22,0.82,STRUCTURAL
Euler/TransversePacketPrimaryPressure.lean,21,25,0,0,22,0.32,PLUMBING
NavierStokes/AxisTailRegularity.lean,21,35,0,0,31,0.94,ESTIMATE
NavierStokes/NaturalAxisRange.lean,21,26,1,0,24,0.96,STRUCTURAL
NavierStokes/ZerothStressIdentity.lean,21,24,0,0,21,0.76,ESTIMATE
Euler/MeanInteriorCutoffs.lean,20,30,0,0,23,0.35,PLUMBING
NavierStokes/DiophantineGraph.lean,20,43,0,0,34,0.71,ESTIMATE
Euler/TransversePacketPrimaryFullBounds.lean,19,27,0,0,21,1.00,ESTIMATE
Euler/TransversePacketHistory.lean,18,31,0,0,23,0.48,PLUMBING
Euler/ParentPacketParity.lean,17,18,1,0,17,0.24,STRUCTURAL
NavierStokes/CurrentParticularLabelBounds.lean,17,28,0,0,23,0.65,ESTIMATE
NavierStokes/FlatPrimitiveFactor.lean,17,31,0,0,27,0.96,ESTIMATE
NavierStokes/InitialNativeRegularity.lean,17,25,0,0,20,0.40,PLUMBING
Euler/PacketKnownPieceScales.lean,16,20,0,0,17,1.00,ESTIMATE
Euler/TerminalLayerRamp.lean,16,18,0,0,16,0.88,ESTIMATE
NavierStokes/R3/RadialKernelBounds.lean,16,19,0,0,18,0.89,ESTIMATE
Euler/PacketCylinderFieldBounds.lean,15,17,0,1,16,0.81,STRUCTURAL
Euler/PacketPhysicalLowBounds.lean,15,19,0,0,16,1.00,ESTIMATE
Euler/ParameterSobolevBlocks.lean,15,18,0,0,15,0.87,ESTIMATE
Euler/TransversePacketPrimaryCorrector.lean,15,32,0,0,24,0.33,PLUMBING
NavierStokes/ActualPolarCoverage.lean,15,27,0,0,21,0.81,ESTIMATE
NavierStokes/AllBandBaseJets.lean,15,21,0,0,20,1.00,ESTIMATE
NavierStokes/PhaseCalculus.lean,15,40,0,0,20,0.45,PLUMBING
NavierStokes/R3/HeatKernelTimeBound.lean,15,18,0,0,16,1.00,ESTIMATE
NavierStokes/RadialModulation.lean,15,41,0,0,24,0.79,ESTIMATE
NavierStokes/SmoothParameterIntegral.lean,15,20,0,3,16,0.94,STRUCTURAL
Euler/GeneralCylinderAlgebra.lean,14,17,0,0,14,1.00,ESTIMATE
Euler/MeanPacketForcing.lean,14,21,1,0,14,0.79,STRUCTURAL
Euler/PacketCylinderWeightedLinear.lean,14,15,0,0,15,0.33,PLUMBING
Euler/PacketTerminalDatum.lean,14,21,0,0,14,0.36,PLUMBING
Euler/PacketTimeProfileArithmetic.lean,14,18,0,0,16,1.00,ESTIMATE
Euler/TransverseEndpointBounds.lean,14,15,0,0,14,1.00,ESTIMATE
Euler/WholeSpaceGaussianKernel.lean,14,18,0,0,15,0.87,ESTIMATE
NavierStokes/FourierAlias.lean,14,54,0,1,47,0.79,STRUCTURAL
NavierStokes/R3/HeatKernelCancellation.lean,14,20,0,0,17,0.76,ESTIMATE
Euler/PacketCylinderTermBudget.lean,13,19,1,0,13,1.00,STRUCTURAL
Euler/PacketFiniteParity.lean,13,13,0,0,13,0.92,ESTIMATE
Euler/TransversePacketData.lean,13,21,1,0,13,0.69,STRUCTURAL
NavierStokes/ActualCopySliceRegularity.lean,13,17,0,0,13,0.62,ESTIMATE
NavierStokes/JointODE.lean,13,18,0,0,13,0.62,ESTIMATE
Euler/ParameterWordCalculus.lean,12,14,0,0,13,0.77,ESTIMATE
Euler/SobolevParityOperators.lean,12,15,0,0,12,0.75,ESTIMATE
Euler/TransversePacketEndpoint.lean,12,23,0,0,17,0.35,PLUMBING
NavierStokes/ActualSignedNativeProfiles.lean,12,22,0,0,12,0.33,PLUMBING
NavierStokes/ActualWaveCoefficientPeriodicity.lean,12,20,0,1,12,0.33,STRUCTURAL
NavierStokes/LocalMeanPhysicalBounds.lean,12,19,0,0,19,1.00,ESTIMATE
NavierStokes/LocalizedGaussianBounds.lean,12,23,1,0,21,0.86,STRUCTURAL
NavierStokes/ModulatedStockBounds.lean,12,19,0,0,13,0.85,ESTIMATE
NavierStokes/R3/PairedKernelBound.lean,12,20,0,0,19,1.00,ESTIMATE
Euler/CylinderCompactTranslation.lean,11,14,1,0,11,0.73,STRUCTURAL
Euler/CylinderCoverDescent.lean,11,15,0,0,12,0.25,PLUMBING
Euler/CylinderDirichletData.lean,11,24,1,0,11,0.27,STRUCTURAL
Euler/FiniteMetricEnergy.lean,11,17,0,0,13,0.92,ESTIMATE
Euler/MeanPacketData.lean,11,21,1,0,11,0.36,STRUCTURAL
Euler/MeanScaledBoundaryGevrey.lean,11,17,0,0,13,1.00,ESTIMATE
Euler/PacketParentTransverseCosts.lean,11,17,0,0,11,1.00,ESTIMATE
Euler/PacketProfileCoarseBounds.lean,11,11,0,0,11,0.82,ESTIMATE
Euler/TransversePacketCorrector.lean,11,34,0,0,13,0.54,ESTIMATE
Euler/TransversePacketJoinedCorrector.lean,11,19,0,0,11,0.55,ESTIMATE
NavierStokes/ActualExteriorPrefix.lean,11,14,1,0,12,0.25,STRUCTURAL
NavierStokes/ParametricRephase.lean,11,32,0,0,25,0.32,PLUMBING
NavierStokes/PowerMomentMatrix.lean,11,17,0,0,11,0.82,ESTIMATE
Euler/CylinderDirichletSupport.lean,10,16,0,0,15,0.13,PLUMBING
Euler/CylinderDirichletTranslation.lean,10,13,0,0,12,0.00,PLUMBING
Euler/CylinderEndpointPointwise.lean,10,13,0,0,10,0.60,ESTIMATE
Euler/MeanFixedTranslation.lean,10,18,0,0,10,0.50,ESTIMATE
Euler/MeanPacketBudget.lean,10,18,1,0,10,1.00,STRUCTURAL
Euler/MeanWeakCurl.lean,10,12,0,0,10,0.30,PLUMBING
Euler/MovingNormalProjection.lean,10,18,0,0,11,0.82,ESTIMATE
Euler/PacketCorrectionMetric.lean,10,13,0,0,13,0.38,PLUMBING
Euler/PacketOrientedCoordinates.lean,10,12,0,0,10,0.10,PLUMBING
Euler/PacketParentCoefficientBounds.lean,10,16,0,0,10,1.00,ESTIMATE
Euler/PacketPhysicalSize.lean,10,13,0,0,10,0.90,ESTIMATE
Euler/PacketSourceUniformEnvelope.lean,10,15,0,0,10,0.80,ESTIMATE
Euler/StaticEulerSolution.lean,10,18,0,0,14,0.57,ESTIMATE
Euler/TransverseCoordinateRegularity.lean,10,15,0,0,13,0.00,PLUMBING
Euler/TransversePacketJoinedPaths.lean,10,16,0,0,13,0.46,PLUMBING
Euler/TransversePacketNormalBudget.lean,10,15,1,0,10,1.00,STRUCTURAL
Euler/TransversePacketPrimaryPaths.lean,10,15,0,0,12,0.42,PLUMBING
Euler/TransversePacketProvider.lean,10,18,0,0,14,0.57,ESTIMATE
NavierStokes/LoopMoments.lean,10,41,1,1,31,0.74,STRUCTURAL
NavierStokes/MixedDiagonalSchedule.lean,10,28,2,0,15,0.93,STRUCTURAL
NavierStokes/ValidDyadicBandCover.lean,10,18,0,1,13,1.00,STRUCTURAL
Euler/AllOrderDriftPressure.lean,9,25,0,0,20,0.10,PLUMBING
Euler/AllOrderDriftRadiusBounds.lean,9,12,0,0,10,1.00,ESTIMATE
Euler/CylinderReflection.lean,9,12,0,0,10,0.70,ESTIMATE
Euler/GevreyDifferentiatedEquation.lean,9,13,0,0,9,1.00,ESTIMATE
Euler/IsometricActionWords.lean,9,11,0,0,9,0.89,ESTIMATE
Euler/MeanCutoffTaylor.lean,9,15,0,0,9,0.78,ESTIMATE
Euler/MeanFixedReflection.lean,9,17,0,0,9,0.44,PLUMBING
Euler/MeanPacketHomogeneity.lean,9,9,0,0,9,0.67,ESTIMATE
Euler/MeanPacketParity.lean,9,9,0,0,9,0.44,PLUMBING
Euler/MeanSolenoidalTranslation.lean,9,10,0,0,9,0.44,PLUMBING
Euler/PacketActivationLipschitz.lean,9,30,0,0,9,1.00,ESTIMATE
Euler/PacketCorrectionPrimitivePolynomial.lean,9,29,0,0,11,0.45,PLUMBING
Euler/PacketCylinderJetParity.lean,9,10,0,0,9,0.56,ESTIMATE
Euler/ParentPacketExactEuler.lean,9,14,0,0,9,0.44,PLUMBING
Euler/ParentPacketScaledBounds.lean,9,10,0,0,9,1.00,ESTIMATE
Euler/SobolevHeatKernel.lean,9,14,0,0,9,1.00,ESTIMATE
Euler/SobolevSmoothing.lean,9,15,0,0,9,0.67,ESTIMATE
Euler/TransversePacketJoinedField.lean,9,15,0,0,9,0.11,PLUMBING
Euler/TransversePacketJoinedUnitBounds.lean,9,9,0,0,9,1.00,ESTIMATE
Euler/TransversePacketPrimaryField.lean,9,18,0,0,12,0.42,PLUMBING
Euler/WholeSpaceGaussianIntegration.lean,9,9,0,0,9,1.00,ESTIMATE
NavierStokes/Covariance.lean,9,20,0,0,15,0.93,ESTIMATE
NavierStokes/FlatPrimitive.lean,9,29,0,0,24,0.88,ESTIMATE
NavierStokes/R3/CompactTimeIntegral.lean,9,11,0,0,11,1.00,ESTIMATE
NavierStokes/R3/DelayedExtension.lean,9,11,0,0,10,1.00,ESTIMATE
Euler/AllOrderDriftPressureBounds.lean,8,15,0,0,10,1.00,ESTIMATE
Euler/AngleMeanZeroPrimitive.lean,8,10,0,0,8,0.38,PLUMBING
Euler/BoundedFlowContinuity.lean,8,13,0,0,10,0.40,PLUMBING
Euler/CoefficientJetPressureBounds.lean,8,11,0,1,8,1.00,STRUCTURAL
Euler/CylinderEndpointData.lean,8,15,0,0,8,0.12,PLUMBING
Euler/CylinderEndpointSupport.lean,8,12,0,0,12,0.00,PLUMBING
Euler/CylinderPathBilinear.lean,8,12,0,0,8,0.75,ESTIMATE
Euler/CylinderPotentialWeight.lean,8,12,0,0,8,0.62,ESTIMATE
Euler/FiniteGradeAssembly.lean,8,10,0,0,8,0.38,PLUMBING
Euler/FiniteGradeSupport.lean,8,9,0,0,8,0.75,ESTIMATE
Euler/FixedEndpointStrong.lean,8,9,0,0,9,0.11,PLUMBING
Euler/H6TransportSource.lean,8,11,0,0,10,0.90,ESTIMATE
Euler/MeanHarmonicCutoffEnergy.lean,8,8,0,0,8,0.88,ESTIMATE
Euler/MeanMollificationHarmonic.lean,8,8,0,0,8,0.62,ESTIMATE
Euler/MeanSolenoidalReflection.lean,8,14,0,0,13,0.54,ESTIMATE
Euler/PacketChildLowBounds.lean,8,10,0,1,9,0.89,STRUCTURAL
Euler/PacketFieldGraphBounds.lean,8,8,0,0,8,0.88,ESTIMATE
Euler/PacketFieldSobolevBudget.lean,8,8,0,0,8,0.75,ESTIMATE
Euler/PacketForwardGeometryLowBounds.lean,8,11,0,0,8,1.00,ESTIMATE
Euler/PacketGeometryControlledGrowth.lean,8,8,0,0,8,1.00,ESTIMATE
Euler/PacketGeometryInitialAmplitude.lean,8,12,0,0,8,0.88,ESTIMATE
Euler/PacketJoinedGradeBounds.lean,8,14,1,0,13,0.54,STRUCTURAL
Euler/PacketJoinedSourceEquations.lean,8,8,0,0,8,0.75,ESTIMATE
Euler/PacketPiolaPair.lean,8,13,0,0,9,0.33,PLUMBING
Euler/PacketScalarPressureGrade.lean,8,12,0,0,8,1.00,ESTIMATE
Euler/PacketScaledVelocityAlgebra.lean,8,10,0,0,8,0.12,PLUMBING
Euler/PacketSourcePropagator.lean,8,23,0,1,8,0.38,STRUCTURAL
Euler/ParentNormalizedEuler.lean,8,10,0,0,8,0.50,ESTIMATE
Euler/ParentPacketPhysicalCoefficients.lean,8,10,0,0,8,0.12,PLUMBING
Euler/PhysicalL2Scaling.lean,8,9,0,0,8,0.88,ESTIMATE
Euler/SmoothCylinderJets.lean,8,20,0,0,13,0.54,ESTIMATE
Euler/SourceCylinderPressureField.lean,8,13,0,0,11,0.27,PLUMBING
Euler/TransverseActivationTrial.lean,8,21,0,0,8,0.62,ESTIMATE
Euler/TransverseEndpointMomentum.lean,8,12,0,0,9,0.44,PLUMBING
Euler/TransversePacketParity.lean,8,11,0,0,10,0.10,PLUMBING
Euler/TransverseSolutionHomogeneity.lean,8,8,0,0,8,0.12,PLUMBING
Euler/WholeSpaceGaussianTimeKernel.lean,8,11,0,0,9,0.78,ESTIMATE
NavierStokes/AxisHolomorphicJoint.lean,8,13,0,0,12,0.83,ESTIMATE
NavierStokes/R3/ParabolicCalculus.lean,8,9,0,0,9,0.89,ESTIMATE
NavierStokes/StressAlgebra.lean,8,24,2,0,15,0.40,STRUCTURAL
Euler/CoefficientPathOrbit.lean,7,12,0,0,7,0.57,ESTIMATE
Euler/CorrectionAssemblyReconstruction.lean,7,12,0,0,9,0.33,PLUMBING
Euler/CorrectionParity.lean,7,12,0,0,10,0.60,ESTIMATE
Euler/CylinderDirichletRegularity.lean,7,22,0,0,10,0.90,ESTIMATE
Euler/CylinderPhysicalTensor.lean,7,10,0,0,7,0.86,ESTIMATE
Euler/CylinderSobolevWordBounds.lean,7,8,0,0,7,1.00,ESTIMATE
Euler/FieldTowerRepresentative.lean,7,9,0,0,7,0.57,ESTIMATE
Euler/FiniteGradeAlgebra.lean,7,10,0,0,7,0.57,ESTIMATE
Euler/FixedEvolutionRegularity.lean,7,7,0,0,7,1.00,ESTIMATE
Euler/GevreyForcingComponents.lean,7,10,0,0,7,1.00,ESTIMATE
Euler/GevreyMetricEstimate.lean,7,11,0,0,7,1.00,ESTIMATE
Euler/GevreyTransportCommutator.lean,7,11,0,0,7,1.00,ESTIMATE
Euler/GradientReflection.lean,7,7,0,0,7,0.29,PLUMBING
Euler/HeatMaximalCauchy.lean,7,11,0,0,8,0.88,ESTIMATE
Euler/LowerTransportSource.lean,7,8,0,0,7,1.00,ESTIMATE
Euler/LpPointwiseMultiplier.lean,7,10,0,0,7,1.00,ESTIMATE
Euler/LpSupportedSubspace.lean,7,14,0,0,8,0.38,PLUMBING
Euler/MeanFixedSpaceInverse.lean,7,22,0,0,9,0.56,ESTIMATE
Euler/MeanHarmonicScaling.lean,7,9,0,0,7,0.71,ESTIMATE
Euler/MeanPacketReflection.lean,7,9,1,0,7,0.29,STRUCTURAL
Euler/MeanPhysicalTranslation.lean,7,20,0,0,10,1.00,ESTIMATE
Euler/MeanPointwiseGramTranslation.lean,7,8,0,0,7,0.57,ESTIMATE
Euler/MeanPressureRepresentative.lean,7,12,0,0,9,0.78,ESTIMATE
Euler/PacketCofactorGevrey.lean,7,14,0,0,8,1.00,ESTIMATE
Euler/PacketCoordinateJets.lean,7,17,0,0,9,0.44,PLUMBING
Euler/PacketKnownTermBounds.lean,7,9,0,0,7,0.71,ESTIMATE
Euler/PacketPhysicalCostPolynomial.lean,7,23,0,0,9,0.89,ESTIMATE
Euler/PacketPropagationTime.lean,7,9,0,0,7,0.71,ESTIMATE
Euler/PacketScaledVelocity.lean,7,10,0,0,7,0.14,PLUMBING
Euler/PacketTerminalDatumBounds.lean,7,13,0,0,8,1.00,ESTIMATE
Euler/PacketUniformFrequencyMargin.lean,7,7,0,0,7,1.00,ESTIMATE
Euler/ParameterSobolevCommutator.lean,7,10,0,0,8,0.88,ESTIMATE
Euler/ParentEulerState.lean,7,9,1,0,7,0.57,STRUCTURAL
Euler/SourceCylinderClassical.lean,7,11,0,0,9,0.33,PLUMBING
Euler/TimeLpBoundedMap.lean,7,15,0,0,13,0.62,ESTIMATE
Euler/TransverseFixedClassical.lean,7,11,0,0,7,0.29,PLUMBING
Euler/TransverseGramInverse.lean,7,15,0,0,10,1.00,ESTIMATE
Euler/TransversePacketForwardBudget.lean,7,14,1,0,7,1.00,STRUCTURAL
Euler/TransversePacketHistoryBounds.lean,7,7,0,0,7,1.00,ESTIMATE
Euler/TransversePacketJoinedFullBounds.lean,7,14,0,0,9,1.00,ESTIMATE
Euler/TransversePacketJoinedProvider.lean,7,16,0,0,10,0.30,PLUMBING
Euler/TransversePacketJoinedSupport.lean,7,11,0,0,11,0.64,ESTIMATE
Euler/TransversePacketPrimaryHomogeneity.lean,7,8,0,0,7,0.29,PLUMBING
Euler/TransversePacketPrimaryUnitBounds.lean,7,7,0,0,7,1.00,ESTIMATE
Euler/TransverseStrongEstimates.lean,7,10,0,0,10,1.00,ESTIMATE
Euler/VolterraFixedPoint.lean,7,9,0,0,7,1.00,ESTIMATE
NavierStokes/ActualSignedCurrentSupport.lean,7,24,0,0,21,0.48,PLUMBING
NavierStokes/ActualSignedGaussianCoherence.lean,7,10,0,0,10,0.20,PLUMBING
NavierStokes/PulseGrowth.lean,7,24,0,0,22,0.59,ESTIMATE
NavierStokes/R3/RieszL2Bounds.lean,7,8,0,0,7,0.86,ESTIMATE
NavierStokes/Scaling.lean,7,25,0,0,18,0.94,ESTIMATE
NavierStokes/UniformCone.lean,7,15,0,0,13,0.92,ESTIMATE
NavierStokes/ValidBandGluing.lean,7,24,0,1,21,0.48,STRUCTURAL
Euler/AllOrderCorrectionFamily.lean,6,7,0,0,6,1.00,ESTIMATE
Euler/AllOrderPressureCoherence.lean,6,9,0,0,6,1.00,ESTIMATE
Euler/BaseTransportCommutator.lean,6,8,0,0,6,1.00,ESTIMATE
Euler/CoefficientPathSobolev.lean,6,11,0,0,6,0.33,PLUMBING
Euler/CoerciveEndpointBounds.lean,6,9,0,0,6,1.00,ESTIMATE
Euler/CorrectionAssemblyPressure.lean,6,11,0,0,7,0.71,ESTIMATE
Euler/CylinderAngleRepresentative.lean,6,6,0,0,6,0.67,ESTIMATE
Euler/CylinderCompactBounds.lean,6,7,0,0,6,0.83,ESTIMATE
Euler/CylinderDescentJets.lean,6,11,0,0,10,0.40,PLUMBING
Euler/CylinderEndpointUnitBounds.lean,6,6,0,0,6,1.00,ESTIMATE
Euler/CylinderHeatEquation.lean,6,13,0,0,12,0.83,ESTIMATE
Euler/CylinderJetGraphTrace.lean,6,6,0,0,6,0.83,ESTIMATE
Euler/CylinderJetLpMap.lean,6,6,0,0,6,1.00,ESTIMATE
Euler/CylinderPathAdvection.lean,6,7,0,0,6,0.83,ESTIMATE
Euler/CylinderSlowCurlWeight.lean,6,10,0,0,6,0.50,ESTIMATE
Euler/FieldTowerPhysicalL2.lean,6,9,0,0,6,0.50,ESTIMATE
Euler/FixedEvolutionSobolev.lean,6,7,0,0,6,1.00,ESTIMATE
Euler/GevreyCorrectionSourceBounds.lean,6,7,0,0,6,1.00,ESTIMATE
Euler/HeatRegularizedPaths.lean,6,11,0,0,7,0.86,ESTIMATE
Euler/HilbertQuadraticFlow.lean,6,9,0,0,7,0.86,ESTIMATE
Euler/LpTranslation.lean,6,11,0,0,9,0.78,ESTIMATE
Euler/MeanGramTranslation.lean,6,13,0,0,6,0.83,ESTIMATE
Euler/MixedH5Product.lean,6,7,0,0,6,1.00,ESTIMATE
Euler/PacketCoordinateResidual.lean,6,13,0,0,7,0.43,PLUMBING
Euler/PacketCoordinateSobolev.lean,6,10,0,0,6,1.00,ESTIMATE
Euler/PacketCorrectionMetricBounds.lean,6,7,0,0,7,1.00,ESTIMATE
Euler/PacketCorrectionScalar.lean,6,11,0,0,7,1.00,ESTIMATE
Euler/PacketCylinderAngularRegularity.lean,6,7,0,0,7,1.00,ESTIMATE
Euler/PacketInitialFields.lean,6,15,0,0,6,1.00,ESTIMATE
Euler/PacketInitialPhysical.lean,6,8,0,0,6,1.00,ESTIMATE
Euler/PacketLowConstants.lean,6,9,0,0,6,1.00,ESTIMATE
Euler/PacketParentMeanCoercivity.lean,6,13,0,0,6,1.00,ESTIMATE
Euler/PacketPhysicalNormBounds.lean,6,6,0,0,6,1.00,ESTIMATE
Euler/PacketSourceCoefficientGevrey.lean,6,6,0,0,6,1.00,ESTIMATE
Euler/PacketSourceGeometryGrowth.lean,6,8,0,0,8,0.50,ESTIMATE
Euler/ParentChoiceInitialSupport.lean,6,7,0,0,7,0.57,ESTIMATE
Euler/ParentInitializedRadiusPolynomial.lean,6,25,0,0,13,0.77,ESTIMATE
Euler/ParentPacketHistoryNeighbor.lean,6,8,0,0,6,1.00,ESTIMATE
Euler/ParentParticleInverse.lean,6,13,1,0,9,0.33,STRUCTURAL
Euler/SmoothFlowJacobian.lean,6,10,0,0,8,0.50,ESTIMATE
Euler/SobolevProductApproximation.lean,6,7,0,0,6,0.83,ESTIMATE
Euler/SobolevSmoothProduct.lean,6,9,0,0,8,0.50,ESTIMATE
Euler/StrongOperatorDerivative.lean,6,8,0,0,7,0.71,ESTIMATE
Euler/TimeH1FieldProduct.lean,6,8,0,0,7,0.86,ESTIMATE
Euler/TimeH1GeneratorBounds.lean,6,8,0,0,6,1.00,ESTIMATE
Euler/TimeLpSubinterval.lean,6,7,0,0,6,0.83,ESTIMATE
Euler/TimePathGluing.lean,6,9,0,0,7,1.00,ESTIMATE
Euler/TimeWeakBoundary.lean,6,7,0,0,6,1.00,ESTIMATE
Euler/TransversePacketJoinedParity.lean,6,8,0,0,8,0.50,ESTIMATE
Euler/TransverseParameterRegularity.lean,6,8,0,0,8,1.00,ESTIMATE
NavierStokes/CurrentModeGeometry.lean,6,12,0,0,9,0.89,ESTIMATE
NavierStokes/EndpointExtension.lean,6,13,0,0,11,0.73,ESTIMATE
NavierStokes/MixedFiniteBackground.lean,6,11,0,0,8,0.88,ESTIMATE
NavierStokes/ModeSolenoidalReindex.lean,6,7,0,0,7,0.57,ESTIMATE
NavierStokes/NormalScaling.lean,6,7,0,0,7,0.00,PLUMBING
NavierStokes/R3/HeatKernel.lean,6,10,0,0,8,0.88,ESTIMATE
NavierStokes/R3/SchwartzParseval.lean,6,8,0,0,8,0.75,ESTIMATE
NavierStokes/TangentProjection.lean,6,17,0,0,14,0.43,PLUMBING
Euler/BaseEulerLabelData.lean,5,7,0,0,5,0.40,PLUMBING
Euler/BaseFirstPacketScales.lean,5,8,1,0,5,1.00,STRUCTURAL
Euler/BoundedCoefficientJets.lean,5,9,0,0,5,1.00,ESTIMATE
Euler/ClassicalPressureCurl.lean,5,6,0,0,5,1.00,ESTIMATE
Euler/ClosedIntervalDerivativeExtension.lean,5,6,0,0,5,0.80,ESTIMATE
Euler/CoefficientPathBounds.lean,5,11,0,0,6,0.83,ESTIMATE
Euler/CorrectionTime.lean,5,10,0,0,5,1.00,ESTIMATE
Euler/CylinderGradientEmbedding.lean,5,7,0,0,6,0.67,ESTIMATE
Euler/CylinderJetLp.lean,5,6,0,0,5,0.60,ESTIMATE
Euler/CylinderJetLpAlgebra.lean,5,7,0,0,5,1.00,ESTIMATE
Euler/CylinderPotentialPath.lean,5,8,0,0,6,0.83,ESTIMATE
Euler/CylinderRetractRepresentative.lean,5,8,0,0,6,0.33,PLUMBING
Euler/CylinderScalarClassical.lean,5,8,0,0,7,1.00,ESTIMATE
Euler/CylinderSpatialMeanRepresentative.lean,5,6,0,0,5,0.60,ESTIMATE
Euler/EnergyMetricPaths.lean,5,7,0,0,5,1.00,ESTIMATE
Euler/FieldTowerGraph.lean,5,7,0,0,5,0.80,ESTIMATE
Euler/GaussianHeatGenerator.lean,5,9,0,0,8,0.88,ESTIMATE
Euler/GevreyBaseTransport.lean,5,6,0,0,5,1.00,ESTIMATE
Euler/GevreyLowNorms.lean,5,5,0,0,5,1.00,ESTIMATE
Euler/GevreyMetricComparison.lean,5,9,0,0,7,0.86,ESTIMATE
Euler/H5CylinderAlgebra.lean,5,5,0,0,5,1.00,ESTIMATE
Euler/HeatMaximalEstimate.lean,5,5,0,0,5,1.00,ESTIMATE
Euler/LinearDuhamelParameter.lean,5,5,0,0,5,0.60,ESTIMATE
Euler/LpCylinderRectangularRegularity.lean,5,22,0,0,5,0.80,ESTIMATE
Euler/LpSmoothApproximation.lean,5,7,0,0,5,0.60,ESTIMATE
Euler/MeanBoundaryLocalization.lean,5,7,0,0,5,1.00,ESTIMATE
Euler/MeanCoefficientTime.lean,5,10,0,0,5,0.80,ESTIMATE
Euler/MeanContinuousPressure.lean,5,6,0,0,5,0.80,ESTIMATE
Euler/MeanFixedCoefficientGevrey.lean,5,14,0,0,6,1.00,ESTIMATE
Euler/MeanHarmonicComponents.lean,5,5,0,0,5,1.00,ESTIMATE
Euler/MeanMollifierLimit.lean,5,7,0,1,5,1.00,STRUCTURAL
Euler/MeanScalarMollification.lean,5,7,0,0,6,0.67,ESTIMATE
Euler/MeanSourceSpatialRegularity.lean,5,7,0,0,7,1.00,ESTIMATE
Euler/MeanVariationalInverse.lean,5,28,0,0,21,0.57,ESTIMATE
Euler/MetricPathConvergence.lean,5,7,0,0,5,0.80,ESTIMATE
Euler/OrdinaryRegularizationError.lean,5,6,0,0,5,0.80,ESTIMATE
Euler/PacketActivationScales.lean,5,5,0,0,5,0.60,ESTIMATE
Euler/PacketCorrectionCoefficientParity.lean,5,6,0,0,6,0.50,ESTIMATE
Euler/PacketCorrectionOutputPolynomial.lean,5,13,0,0,7,0.86,ESTIMATE
Euler/PacketCylinderScalarGradientWeight.lean,5,5,0,0,5,0.80,ESTIMATE
Euler/PacketFieldParityAlgebra.lean,5,6,0,0,5,0.40,PLUMBING
Euler/PacketFieldSobolev.lean,5,6,0,0,6,0.83,ESTIMATE
Euler/PacketFirstLowBounds.lean,5,6,0,0,5,1.00,ESTIMATE
Euler/PacketForwardInitializedFieldParity.lean,5,5,0,0,5,0.60,ESTIMATE
Euler/PacketForwardRadiusPolynomial.lean,5,8,1,0,6,1.00,STRUCTURAL
Euler/PacketForwardScalarPressureGrade.lean,5,7,0,0,5,1.00,ESTIMATE
Euler/PacketGeometryPressureCosts.lean,5,7,0,0,7,1.00,ESTIMATE
Euler/PacketGraphHessian.lean,5,14,0,0,9,0.78,ESTIMATE
Euler/PacketInitializedFieldParity.lean,5,5,0,0,5,0.60,ESTIMATE
Euler/PacketInitializedOutputCosts.lean,5,9,0,0,5,0.80,ESTIMATE
Euler/PacketKnownTermFields.lean,5,10,0,0,5,1.00,ESTIMATE
Euler/PacketKnownTermSums.lean,5,8,0,0,8,0.75,ESTIMATE
Euler/PacketNeighborInitial.lean,5,7,0,0,7,1.00,ESTIMATE
Euler/PacketParentMeanBudget.lean,5,12,0,0,5,1.00,ESTIMATE
Euler/PacketRadiusCostPolynomial.lean,5,30,0,0,7,0.71,ESTIMATE
Euler/PacketRecursiveBase.lean,5,6,0,0,5,0.60,ESTIMATE
Euler/PacketSourceEquations.lean,5,6,1,0,5,0.40,STRUCTURAL
Euler/PacketTerminalAdmissible.lean,5,5,0,0,5,1.00,ESTIMATE
Euler/PacketTimeAlgebra.lean,5,5,0,0,5,0.20,PLUMBING
Euler/ParameterSobolevPair.lean,5,5,0,0,5,1.00,ESTIMATE
Euler/ParentCorrectionCostEnvelope.lean,5,9,0,0,5,0.80,ESTIMATE
Euler/ParentEulerLowBounds.lean,5,7,0,0,5,1.00,ESTIMATE
Euler/ParentLagrangianEuler.lean,5,6,0,0,5,0.60,ESTIMATE
Euler/ParentPacketInitialLowBounds.lean,5,5,0,0,5,1.00,ESTIMATE
Euler/QuadraticSource.lean,5,7,0,0,6,0.83,ESTIMATE
Euler/RadialPotentialL2.lean,5,5,0,0,5,1.00,ESTIMATE
Euler/SmallCorrectionBounds.lean,5,8,0,0,5,1.00,ESTIMATE
Euler/SmoothCylinderFlow.lean,5,12,0,0,9,0.00,PLUMBING
Euler/SmoothTimeFieldJoint.lean,5,8,0,1,5,0.60,STRUCTURAL
Euler/SobolevCorrectionCompatibility.lean,5,7,0,0,5,1.00,ESTIMATE
Euler/SobolevNonlinearCompatibility.lean,5,10,0,0,6,1.00,ESTIMATE
Euler/SourceCylinderTimeBounds.lean,5,10,0,0,6,0.67,ESTIMATE
Euler/TimeContinuousPrimitive.lean,5,6,0,0,6,0.17,PLUMBING
Euler/TimeFamily.lean,5,7,0,0,5,0.80,ESTIMATE
Euler/TimeH1ContinuousDerivative.lean,5,7,0,0,6,1.00,ESTIMATE
Euler/TimeH1FrameTransport.lean,5,12,0,0,6,0.50,ESTIMATE
Euler/TransverseFixedSobolev.lean,5,7,0,0,5,1.00,ESTIMATE
Euler/TransverseMomentumRegularity.lean,5,8,0,0,6,0.50,ESTIMATE
Euler/TransversePacketCorrectorBounds.lean,5,5,0,0,5,1.00,ESTIMATE
Euler/TransversePacketForcing.lean,5,15,2,0,5,0.60,STRUCTURAL
Euler/TransversePacketForwardFullBounds.lean,5,12,0,0,7,1.00,ESTIMATE
Euler/TransversePacketHistoryParity.lean,5,6,0,0,6,0.00,PLUMBING
Euler/TransversePacketJets.lean,5,5,0,0,5,0.40,PLUMBING
Euler/TransversePacketJoinedCorrectorBounds.lean,5,5,0,0,5,1.00,ESTIMATE
Euler/TransversePacketTraceMatching.lean,5,5,0,0,5,0.20,PLUMBING
Euler/TransverseStrongEquation.lean,5,8,0,0,6,0.33,PLUMBING
Euler/UnshiftedProducts.lean,5,5,0,0,5,1.00,ESTIMATE
Euler/ViscosityDefect.lean,5,7,0,0,5,1.00,ESTIMATE
Euler/WeightedForcingTime.lean,5,8,0,0,5,0.80,ESTIMATE
NavierStokes/AnnularAuxiliary.lean,5,15,0,0,12,0.50,ESTIMATE
NavierStokes/R3/FourierConvolution.lean,5,5,0,0,5,0.60,ESTIMATE
NavierStokes/R3/GaussianMoments.lean,5,5,0,0,5,1.00,ESTIMATE
Euler/BasePacketLowBounds.lean,4,5,0,0,4,1.00,ESTIMATE
Euler/BoundedTensorCoordinates.lean,4,13,0,0,4,0.50,ESTIMATE
Euler/CanonicalGraphPotential.lean,4,6,0,0,5,0.80,ESTIMATE
Euler/CompactParameterIntegral.lean,4,5,0,0,4,0.75,ESTIMATE
Euler/CorrectionDifference.lean,4,5,0,0,4,1.00,ESTIMATE
Euler/CorrectionEnergyScalar.lean,4,4,0,0,4,1.00,ESTIMATE
Euler/CorrectionStabilityConstants.lean,4,8,0,0,4,1.00,ESTIMATE
Euler/CylinderCoveringDerivative.lean,4,4,0,0,4,1.00,ESTIMATE
Euler/CylinderDirichletEquation.lean,4,4,0,0,4,0.75,ESTIMATE
Euler/CylinderEndpointEquation.lean,4,4,0,0,4,0.75,ESTIMATE
Euler/CylinderGraphRealization.lean,4,6,0,0,5,1.00,ESTIMATE
Euler/CylinderPeriodicFlow.lean,4,11,0,0,9,0.33,PLUMBING
Euler/CylinderPhysicalTensorLp.lean,4,5,0,0,4,0.75,ESTIMATE
Euler/CylinderScalarTime.lean,4,6,0,0,5,0.20,PLUMBING
Euler/CylinderSlowCurlTime.lean,4,9,0,0,4,1.00,ESTIMATE
Euler/CylinderTimeGradient.lean,4,7,0,0,5,0.60,ESTIMATE
Euler/CylinderTimePrecomposition.lean,4,5,0,0,5,1.00,ESTIMATE
Euler/DuhamelPasting.lean,4,4,0,0,4,1.00,ESTIMATE
Euler/EnergyForcingIdentity.lean,4,4,0,0,4,1.00,ESTIMATE
Euler/FieldTowerAlgebra.lean,4,7,0,0,4,0.75,ESTIMATE
Euler/GevreyEnergyLimit.lean,4,4,0,0,4,1.00,ESTIMATE
Euler/GevreyGrowthBudget.lean,4,6,0,0,4,1.00,ESTIMATE
Euler/GevreyRestriction.lean,4,6,0,0,6,1.00,ESTIMATE
Euler/HeatRestart.lean,4,5,0,0,5,1.00,ESTIMATE
Euler/LiftedVelocitySplit.lean,4,6,0,0,4,1.00,ESTIMATE
Euler/LpCompactTranslation.lean,4,6,0,0,4,0.50,ESTIMATE
Euler/LpCylinderCoefficientTime.lean,4,14,0,0,4,0.50,ESTIMATE
Euler/LpCylinderRegularForward.lean,4,17,0,0,4,1.00,ESTIMATE
Euler/LpDerivativeMap.lean,4,7,0,0,4,1.00,ESTIMATE
Euler/LpParameterIntegral.lean,4,4,0,0,4,1.00,ESTIMATE
Euler/LpSmoothFamily.lean,4,7,1,0,4,0.75,STRUCTURAL
Euler/MeanConcreteTranslation.lean,4,4,0,0,4,0.00,PLUMBING
Euler/MeanFixedFrameTransport.lean,4,7,0,0,4,0.50,ESTIMATE
Euler/MeanFormGevrey.lean,4,7,0,0,6,1.00,ESTIMATE
Euler/MeanHarmonicDerivatives.lean,4,6,0,0,5,1.00,ESTIMATE
Euler/MeanHarmonicH2.lean,4,5,0,0,4,0.75,ESTIMATE
Euler/MeanPressurePotential.lean,4,4,0,0,4,0.50,ESTIMATE
Euler/MeanSourceFixedInverse.lean,4,13,0,0,4,1.00,ESTIMATE
Euler/MeanTimeSobolev.lean,4,12,0,0,4,1.00,ESTIMATE
Euler/MeanTranslatedInverse.lean,4,12,0,0,4,0.75,ESTIMATE
Euler/OrdinaryGradientInterpolation.lean,4,4,0,0,4,1.00,ESTIMATE
Euler/PacketActivationFrame.lean,4,4,0,0,4,1.00,ESTIMATE
Euler/PacketAngularPotential.lean,4,8,0,0,7,0.43,PLUMBING
Euler/PacketContinuousInverse.lean,4,4,0,0,4,0.50,ESTIMATE
Euler/PacketCorrectionConstants.lean,4,7,0,0,4,1.00,ESTIMATE
Euler/PacketCorrectionPrimitiveBounds.lean,4,5,1,0,4,1.00,STRUCTURAL
Euler/PacketCylinderForcingParity.lean,4,5,1,0,4,1.00,STRUCTURAL
Euler/PacketCylinderHighParity.lean,4,5,1,0,4,1.00,STRUCTURAL
Euler/PacketCylinderHighPartBounds.lean,4,5,0,0,5,0.60,ESTIMATE
Euler/PacketCylinderLinearTermBudget.lean,4,6,0,0,6,1.00,ESTIMATE
Euler/PacketCylinderParity.lean,4,4,0,0,4,0.00,PLUMBING
Euler/PacketCylinderPrefixLocality.lean,4,5,1,0,4,0.50,STRUCTURAL
Euler/PacketCylinderWeightedAdvection.lean,4,4,0,0,4,1.00,ESTIMATE
Euler/PacketFieldDrift.lean,4,4,0,0,4,1.00,ESTIMATE
Euler/PacketForwardChildLowBounds.lean,4,6,0,1,5,0.80,STRUCTURAL
Euler/PacketForwardCommonRadius.lean,4,8,0,0,6,1.00,ESTIMATE
Euler/PacketForwardGeometryAssembly.lean,4,6,0,0,5,1.00,ESTIMATE
Euler/PacketForwardInitializedCorrectionNorms.lean,4,4,0,0,4,1.00,ESTIMATE
Euler/PacketGeometryJoinedBudget.lean,4,7,0,0,5,0.60,ESTIMATE
Euler/PacketGeometryProfileEnvelope.lean,4,6,0,0,6,1.00,ESTIMATE
Euler/PacketGeometrySourceGrowth.lean,4,8,0,0,6,0.67,ESTIMATE
Euler/PacketInitialSupport.lean,4,4,0,0,4,1.00,ESTIMATE
Euler/PacketInitializedCorrectionNorms.lean,4,4,0,0,4,1.00,ESTIMATE
Euler/PacketInitializedUniformCosts.lean,4,8,0,0,4,0.75,ESTIMATE
Euler/PacketLowBoundPropagation.lean,4,4,0,0,4,1.00,ESTIMATE
Euler/PacketMatrixContinuity.lean,4,4,0,0,4,1.00,ESTIMATE
Euler/PacketParentNormalBudget.lean,4,8,0,0,4,1.00,ESTIMATE
Euler/PacketPhysicalCorrectionPotential.lean,4,6,0,0,5,0.60,ESTIMATE
Euler/PacketPressureRemainder.lean,4,7,0,0,4,0.50,ESTIMATE
Euler/PacketPrimaryGradeBounds.lean,4,5,1,0,4,0.50,STRUCTURAL
Euler/PacketPrimaryPressureShear.lean,4,10,0,0,7,0.86,ESTIMATE
Euler/PacketProfileParity.lean,4,8,1,0,7,0.29,STRUCTURAL
Euler/PacketResidualTailDecomposition.lean,4,4,0,0,4,1.00,ESTIMATE
Euler/PacketScaledRay.lean,4,7,0,0,5,0.40,PLUMBING
Euler/PacketScaledVelocitySystem.lean,4,6,0,0,5,0.60,ESTIMATE
Euler/PacketSourceCoefficientBudget.lean,4,6,0,0,4,0.50,ESTIMATE
Euler/PacketSourceScaleShift.lean,4,5,0,0,5,0.40,PLUMBING
Euler/PacketTailProductBounds.lean,4,4,0,0,4,1.00,ESTIMATE
Euler/PacketTerminalEnvelope.lean,4,4,0,0,4,1.00,ESTIMATE
Euler/ParameterSobolevOperations.lean,4,4,0,0,4,1.00,ESTIMATE
Euler/ParameterSobolevScaling.lean,4,4,0,0,4,1.00,ESTIMATE
Euler/ParentCoefficientPolynomial.lean,4,16,0,0,6,0.83,ESTIMATE
Euler/ParentGeometryChoiceCenter.lean,4,6,0,0,4,1.00,ESTIMATE
Euler/ParentPacketHessianSymmetry.lean,4,4,0,0,4,0.50,ESTIMATE
Euler/ParentPacketHistoryPolynomial.lean,4,7,0,0,5,1.00,ESTIMATE
Euler/ParentPacketNeighborBounds.lean,4,17,0,0,8,0.88,ESTIMATE
Euler/ParentPacketParameterCaps.lean,4,6,0,0,4,1.00,ESTIMATE
Euler/ParentPacketRestriction.lean,4,10,0,0,7,0.14,PLUMBING
Euler/ParentPacketSourceData.lean,4,8,1,0,4,1.00,STRUCTURAL
Euler/PhysicalChildStructure.lean,4,4,0,0,4,0.50,ESTIMATE
Euler/RegularizedTopBlocks.lean,4,5,0,0,4,1.00,ESTIMATE
Euler/RegularizedWordConvergence.lean,4,5,0,0,4,0.75,ESTIMATE
Euler/SmoothPathTimeJets.lean,4,5,0,0,4,0.50,ESTIMATE
Euler/SobolevL2Stability.lean,4,4,0,0,4,1.00,ESTIMATE
Euler/SobolevWordValueIdentity.lean,4,5,0,0,4,1.00,ESTIMATE
Euler/SourceCylinderClassicalEquation.lean,4,5,0,0,4,0.75,ESTIMATE
Euler/SourceCylinderForcing.lean,4,6,0,0,4,1.00,ESTIMATE
Euler/SourceCylinderRegularity.lean,4,4,0,0,4,1.00,ESTIMATE
Euler/SourceNormalResidualBounds.lean,4,7,0,0,4,1.00,ESTIMATE
Euler/StaticEulerCorrection.lean,4,12,0,0,5,0.80,ESTIMATE
Euler/StaticEulerParity.lean,4,8,0,0,8,0.25,PLUMBING
Euler/TimeH1PointwiseBounds.lean,4,7,0,0,7,1.00,ESTIMATE
Euler/TimeIntervalGlue.lean,4,7,0,0,6,0.83,ESTIMATE
Euler/TimeLpCoefficientGevrey.lean,4,8,0,0,4,1.00,ESTIMATE
Euler/TransverseEndpointEquation.lean,4,5,0,0,5,1.00,ESTIMATE
Euler/TransverseFixedStrong.lean,4,5,0,0,4,0.25,PLUMBING
Euler/TransverseGeneratorDifference.lean,4,5,0,0,4,1.00,ESTIMATE
Euler/TransverseHistoryBounds.lean,4,8,0,0,4,1.00,ESTIMATE
Euler/TransverseHistoryLipschitz.lean,4,4,0,0,4,0.75,ESTIMATE
Euler/TransverseInitialCoordinates.lean,4,8,0,0,5,0.00,PLUMBING
Euler/TransversePacketForwardGradeBounds.lean,4,5,1,0,4,0.75,STRUCTURAL
Euler/TransversePacketForwardNorms.lean,4,4,0,0,4,1.00,ESTIMATE
Euler/TransversePacketPrimaryParity.lean,4,7,0,0,7,0.71,ESTIMATE
Euler/WeightedForcingAlgebra.lean,4,5,0,0,5,0.60,ESTIMATE
NavierStokes/Flatness.lean,4,9,0,1,8,1.00,STRUCTURAL
NavierStokes/R3/HeatKernelFubini.lean,4,5,0,0,4,1.00,ESTIMATE
NavierStokes/R3/SpatialSupportScaling.lean,4,4,0,0,4,1.00,ESTIMATE
NavierStokes/ScheduledProfileChoice.lean,4,6,0,0,5,1.00,ESTIMATE
NavierStokes/SignedPhysicalSumCalculus.lean,4,4,0,0,4,0.75,ESTIMATE
Euler/AnglePrimitiveSpatialRegularity.lean,3,5,0,0,5,0.80,ESTIMATE
Euler/BaseEulerSign.lean,3,4,0,0,4,0.50,ESTIMATE
Euler/BaseFirstPacketSupport.lean,3,6,0,0,6,1.00,ESTIMATE
Euler/BaseWordMetric.lean,3,7,0,0,4,1.00,ESTIMATE
Euler/BoundedMildContinuation.lean,3,3,0,0,3,1.00,ESTIMATE
Euler/ChildParticleFieldTime.lean,3,7,1,0,6,0.50,STRUCTURAL
Euler/CoefficientPathPressureBounds.lean,3,3,0,0,3,1.00,ESTIMATE
Euler/CompactSmoothBounds.lean,3,3,0,0,3,1.00,ESTIMATE
Euler/CorrectionAssemblyCompatibility.lean,3,4,0,0,4,1.00,ESTIMATE
Euler/CorrectionDifferencePDE.lean,3,6,0,0,3,0.67,ESTIMATE
Euler/CorrectionEnergyRestriction.lean,3,3,0,0,3,1.00,ESTIMATE
Euler/CorrectionSourceRestriction.lean,3,3,0,0,3,1.00,ESTIMATE
Euler/CorrectionStabilityBudget.lean,3,7,1,0,3,1.00,STRUCTURAL
Euler/CylinderDirichletSobolev.lean,3,17,0,0,5,1.00,ESTIMATE
Euler/CylinderEndpointBounds.lean,3,4,0,0,4,1.00,ESTIMATE
Euler/CylinderEndpointBudget.lean,3,8,1,0,3,1.00,STRUCTURAL
Euler/CylinderForwardParity.lean,3,3,0,0,3,0.67,ESTIMATE
Euler/CylinderGraphPath.lean,3,5,0,0,3,1.00,ESTIMATE
Euler/CylinderPathDerivativeProduct.lean,3,4,0,0,3,0.67,ESTIMATE
Euler/CylinderPathIntegral.lean,3,3,0,0,3,0.67,ESTIMATE
Euler/CylinderPotentialTimeWeight.lean,3,7,0,0,3,1.00,ESTIMATE
Euler/CylinderRawSupport.lean,3,3,0,0,3,0.33,PLUMBING
Euler/CylinderScalarRepresentative.lean,3,3,0,0,3,1.00,ESTIMATE
Euler/CylinderSobolevEmbedding.lean,3,4,0,0,3,1.00,ESTIMATE
Euler/CylinderSpatialMeanTime.lean,3,4,0,0,4,0.00,PLUMBING
Euler/DeformationTimeInverse.lean,3,7,0,0,3,0.67,ESTIMATE
Euler/ExactLiftedJointDifferentiability.lean,3,6,0,0,3,0.67,ESTIMATE
Euler/FieldTowerPhysicalContinuity.lean,3,4,0,0,3,0.67,ESTIMATE
Euler/FiniteGradeDiagonal.lean,3,4,0,0,4,1.00,ESTIMATE
Euler/FrameEndpointUniqueness.lean,3,4,0,0,3,1.00,ESTIMATE
Euler/GeneralRealCylinderAlgebra.lean,3,4,0,0,4,1.00,ESTIMATE
Euler/GevreyGrowthCoefficient.lean,3,9,0,0,7,0.86,ESTIMATE
Euler/GevreyOrderZero.lean,3,8,0,0,3,1.00,ESTIMATE
Euler/H5RealCylinderAlgebra.lean,3,4,0,0,4,1.00,ESTIMATE
Euler/H6PressureCommutator.lean,3,10,0,0,7,0.71,ESTIMATE
Euler/HeatAllOrders.lean,3,3,0,0,3,1.00,ESTIMATE
Euler/InviscidSobolevEvolution.lean,3,5,0,0,3,1.00,ESTIMATE
Euler/IsometricActionCalculus.lean,3,4,0,0,4,1.00,ESTIMATE
Euler/LpCylinderOrbit.lean,3,3,0,0,3,0.33,PLUMBING
Euler/MaximalTopCauchy.lean,3,3,0,0,3,1.00,ESTIMATE
Euler/MeanBoundaryIterated.lean,3,5,0,0,5,1.00,ESTIMATE
Euler/MeanBoundaryPhysicalSupport.lean,3,4,0,0,4,1.00,ESTIMATE
Euler/MeanCutoffDifferenceBound.lean,3,7,0,0,6,0.83,ESTIMATE
Euler/MeanCylinderSolenoidal.lean,3,5,0,0,5,0.80,ESTIMATE
Euler/MeanHarmonicInterior.lean,3,5,0,0,4,1.00,ESTIMATE
Euler/MeanHarmonicInteriorEnergy.lean,3,11,0,0,7,1.00,ESTIMATE
Euler/MeanL2Scaling.lean,3,3,0,0,3,1.00,ESTIMATE
Euler/MeanPacketContract.lean,3,6,0,0,6,0.67,ESTIMATE
Euler/MeanPacketZeroForcing.lean,3,3,0,0,3,0.33,PLUMBING
Euler/MeanPathLpBlocks.lean,3,3,0,0,3,1.00,ESTIMATE
Euler/MeanSourceOperatorRegularity.lean,3,9,0,0,3,1.00,ESTIMATE
Euler/MeanSpatialDerivative.lean,3,5,0,0,5,1.00,ESTIMATE
Euler/MeanSpatialEvaluation.lean,3,5,0,0,4,1.00,ESTIMATE
Euler/MeanStrongCoordinates.lean,3,3,0,0,3,0.33,PLUMBING
Euler/MeanStrongEquation.lean,3,4,1,0,3,0.33,STRUCTURAL
Euler/MeanVariationalOperator.lean,3,8,0,0,6,0.67,ESTIMATE
Euler/OrdinaryPerturbedEnergy.lean,3,3,0,0,3,1.00,ESTIMATE
Euler/PacketActivationNeighbor.lean,3,3,0,0,3,1.00,ESTIMATE
Euler/PacketCoefficientLipschitz.lean,3,13,0,0,3,1.00,ESTIMATE
Euler/PacketConstructedPiola.lean,3,6,0,0,3,0.67,ESTIMATE
Euler/PacketCorrectionRapidDecay.lean,3,4,0,0,4,1.00,ESTIMATE
Euler/PacketCylinderHighSupport.lean,3,3,0,0,3,1.00,ESTIMATE
Euler/PacketCylinderPressureLocality.lean,3,3,0,0,3,1.00,ESTIMATE
Euler/PacketCylinderScalarGradient.lean,3,6,0,0,3,0.67,ESTIMATE
Euler/PacketExactGlobalShear.lean,3,4,0,0,3,1.00,ESTIMATE
Euler/PacketExactPressureError.lean,3,4,0,0,3,1.00,ESTIMATE
Euler/PacketExponentialTail.lean,3,3,0,0,3,1.00,ESTIMATE
Euler/PacketFieldTensorBounds.lean,3,3,0,0,3,1.00,ESTIMATE
Euler/PacketFiniteFieldAlgebra.lean,3,6,0,0,3,1.00,ESTIMATE
Euler/PacketFiniteFrequencyBounds.lean,3,3,0,0,3,1.00,ESTIMATE
Euler/PacketFiniteSumBounds.lean,3,4,0,0,3,1.00,ESTIMATE
Euler/PacketFiniteVelocityBounds.lean,3,3,0,0,3,1.00,ESTIMATE
Euler/PacketFirstPressureSign.lean,3,4,0,0,3,1.00,ESTIMATE
Euler/PacketForwardCanonicalRadius.lean,3,7,0,0,3,1.00,ESTIMATE
Euler/PacketForwardGlobalShear.lean,3,4,0,0,3,1.00,ESTIMATE
Euler/PacketForwardHessianError.lean,3,4,0,0,3,1.00,ESTIMATE
Euler/PacketForwardInitializedBounds.lean,3,5,0,0,3,1.00,ESTIMATE
Euler/PacketGradeAbsorption.lean,3,3,0,0,3,1.00,ESTIMATE
Euler/PacketGraphFlowExplicitBounds.lean,3,3,0,0,3,1.00,ESTIMATE
Euler/PacketGraphFlowFrequency.lean,3,8,0,0,7,1.00,ESTIMATE
Euler/PacketIdealSize.lean,3,4,0,0,3,1.00,ESTIMATE
Euler/PacketInitializedBounds.lean,3,5,0,0,3,1.00,ESTIMATE
Euler/PacketInitializedCorrectionData.lean,3,6,0,0,3,1.00,ESTIMATE
Euler/PacketInitializedHessianError.lean,3,4,0,0,3,1.00,ESTIMATE
Euler/PacketInitializedParameterBounds.lean,3,3,0,0,3,1.00,ESTIMATE
Euler/PacketKnownTermScales.lean,3,4,0,0,3,1.00,ESTIMATE
Euler/PacketLiftedParity.lean,3,3,0,0,3,0.00,PLUMBING
Euler/PacketLinearCostAbsorption.lean,3,3,0,0,3,1.00,ESTIMATE
Euler/PacketMovingRay.lean,3,5,0,0,4,0.50,ESTIMATE
Euler/PacketNeighborStability.lean,3,3,0,0,3,1.00,ESTIMATE
Euler/PacketPhysicalFrameRenewal.lean,3,3,0,0,3,0.33,PLUMBING
Euler/PacketPressureFastHessian.lean,3,6,0,0,4,1.00,ESTIMATE
Euler/PacketPrimaryCommonRadius.lean,3,5,0,0,4,1.00,ESTIMATE
Euler/PacketPrimaryScaling.lean,3,5,0,0,5,1.00,ESTIMATE
Euler/PacketProfileEnvelope.lean,3,3,0,0,3,1.00,ESTIMATE
Euler/PacketProfileTailEstimates.lean,3,3,0,0,3,1.00,ESTIMATE
Euler/PacketRecursionAlgebra.lean,3,4,0,0,4,0.75,ESTIMATE
Euler/PacketRemainderBounds.lean,3,4,0,0,3,1.00,ESTIMATE
Euler/PacketResidualGrades.lean,3,5,0,0,3,1.00,ESTIMATE
Euler/PacketScalarPressureGradient.lean,3,8,0,0,4,0.25,PLUMBING
Euler/PacketShortTimePhysicalGrowth.lean,3,6,0,0,3,1.00,ESTIMATE
Euler/PacketTargetAmplification.lean,3,3,0,0,3,1.00,ESTIMATE
Euler/PacketTimePathGluing.lean,3,9,0,0,3,1.00,ESTIMATE
Euler/PacketTriangular.lean,3,5,0,0,4,0.50,ESTIMATE
Euler/ParameterSobolevCostMonotone.lean,3,3,0,0,3,1.00,ESTIMATE
Euler/ParameterSobolevLinear.lean,3,4,0,0,4,1.00,ESTIMATE
Euler/ParameterWordGevrey.lean,3,5,0,0,3,1.00,ESTIMATE
Euler/ParentGeometryInitialBounds.lean,3,3,0,0,3,1.00,ESTIMATE
Euler/ParentHistoryCostPolynomial.lean,3,7,0,0,3,0.67,ESTIMATE
Euler/ParentPacketCorrectionParity.lean,3,3,0,0,3,1.00,ESTIMATE
Euler/ParentPacketNeighborScaleGuard.lean,3,3,0,0,3,1.00,ESTIMATE
Euler/PhysicalChildPacketMatch.lean,3,6,0,0,4,0.75,ESTIMATE
Euler/ProjectedEnergyForcing.lean,3,3,0,0,3,1.00,ESTIMATE
Euler/RegularizedEnergyFamily.lean,3,8,0,0,3,1.00,ESTIMATE
Euler/RegularizedForcingRepresentative.lean,3,3,0,0,3,1.00,ESTIMATE
Euler/ResolventCalculus.lean,3,4,0,0,4,1.00,ESTIMATE
Euler/SmoothFlowParity.lean,3,5,0,0,5,0.80,ESTIMATE
Euler/SmoothTimeAmplitudeBounds.lean,3,8,0,0,4,1.00,ESTIMATE
Euler/SobolevJointEvaluation.lean,3,3,0,0,3,1.00,ESTIMATE
Euler/SobolevMaximalRegularity.lean,3,5,0,0,5,1.00,ESTIMATE
Euler/SobolevTransport.lean,3,8,0,0,5,1.00,ESTIMATE
Euler/SourceCylinderDerivativeBounds.lean,3,5,0,0,3,1.00,ESTIMATE
Euler/SourceCylinderMeanZero.lean,3,5,0,0,5,0.00,PLUMBING
Euler/SourceCylinderWeight.lean,3,3,0,0,3,0.00,PLUMBING
Euler/StaticEulerTime.lean,3,10,0,0,4,0.00,PLUMBING
Euler/TimeCorrectionRestriction.lean,3,6,0,0,3,1.00,ESTIMATE
Euler/TimeLpSubintervalBound.lean,3,4,0,0,3,1.00,ESTIMATE
Euler/TopBlockCauchy.lean,3,3,0,0,3,1.00,ESTIMATE
Euler/TransverseEndpointParameter.lean,3,11,0,0,10,0.80,ESTIMATE
Euler/TransverseNormalResidual.lean,3,4,0,0,3,0.67,ESTIMATE
Euler/TransversePacketCorrectorOperator.lean,3,7,0,0,4,0.75,ESTIMATE
Euler/TransversePacketCorrectorSupport.lean,3,8,0,0,8,0.50,ESTIMATE
Euler/TransversePacketInitial.lean,3,6,0,0,6,0.17,PLUMBING
Euler/TransversePacketJoinedCorrectorSupport.lean,3,12,0,0,12,0.08,PLUMBING
Euler/TransversePacketPressureParity.lean,3,5,0,0,4,0.50,ESTIMATE
Euler/TransverseVariationalOperator.lean,3,9,0,0,7,0.86,ESTIMATE
Euler/VolterraUniqueness.lean,3,5,0,0,5,0.80,ESTIMATE
Euler/WeightedRootLimit.lean,3,3,0,0,3,1.00,ESTIMATE
NavierStokes/CurrentParticularPhysicalCoherence.lean,3,3,0,0,3,0.33,PLUMBING
NavierStokes/R3/ParabolicSupport.lean,3,3,0,0,3,1.00,ESTIMATE
NavierStokes/R3/ScalarEnergyBound.lean,3,3,0,0,3,1.00,ESTIMATE
NavierStokes/SlowDivergence.lean,3,12,0,0,11,0.36,PLUMBING
NavierStokes/SmoothMomentRepair.lean,3,16,0,0,12,0.67,ESTIMATE
Euler/AllOrderDriftGraph.lean,2,9,0,0,6,0.50,ESTIMATE
Euler/AnglePrimitiveBounds.lean,2,2,0,0,2,1.00,ESTIMATE
Euler/AnglePrimitiveMap.lean,2,2,0,0,2,1.00,ESTIMATE
Euler/BaseFirstPacketFrame.lean,2,3,0,0,2,0.00,PLUMBING
Euler/BasePacketUniformCosts.lean,2,3,0,0,2,1.00,ESTIMATE
Euler/BoundedFieldTimeDerivative.lean,2,2,0,0,2,1.00,ESTIMATE
Euler/ChildParticleJacobian.lean,2,2,0,0,2,0.00,PLUMBING
Euler/ContinuousAccelerationSobolev.lean,2,2,0,0,2,1.00,ESTIMATE
Euler/ContinuousForcingTimeLp.lean,2,2,0,0,2,1.00,ESTIMATE
Euler/CorrectionAssemblyRealizations.lean,2,4,0,0,2,1.00,ESTIMATE
Euler/CorrectionContinuation.lean,2,2,0,0,2,1.00,ESTIMATE
Euler/CorrectionEnergyBootstrap.lean,2,2,0,0,2,1.00,ESTIMATE
Euler/CorrectionLowerData.lean,2,8,0,0,2,1.00,ESTIMATE
Euler/CylinderAngleAverageTime.lean,2,3,0,0,3,1.00,ESTIMATE
Euler/CylinderDirichletTimeBounds.lean,2,15,0,0,3,1.00,ESTIMATE
Euler/CylinderPhysicalTensorDifference.lean,2,2,0,0,2,1.00,ESTIMATE
Euler/CylinderPotentialTime.lean,2,9,0,0,4,0.75,ESTIMATE
Euler/CylinderSliceRepresentatives.lean,2,2,0,0,2,1.00,ESTIMATE
Euler/CylinderTerminalAmplitude.lean,2,2,0,0,2,1.00,ESTIMATE
Euler/CylinderTimeWords.lean,2,3,0,0,3,1.00,ESTIMATE
Euler/DriftCorrectionEnergyBound.lean,2,2,0,0,2,1.00,ESTIMATE
Euler/EulerCorrectionEquation.lean,2,7,0,0,3,1.00,ESTIMATE
Euler/FieldTowerCanonicalGraph.lean,2,5,0,0,4,1.00,ESTIMATE
Euler/FiniteGradeTriangular.lean,2,2,0,0,2,1.00,ESTIMATE
Euler/FlowL2Transport.lean,2,7,0,0,4,0.75,ESTIMATE
Euler/FrameWronskian.lean,2,2,0,0,2,1.00,ESTIMATE
Euler/GevreyStabilityBudget.lean,2,3,0,0,2,1.00,ESTIMATE
Euler/GraphVelocityTrace.lean,2,3,0,0,2,0.00,PLUMBING
Euler/HilbertCoerciveParameter.lean,2,3,0,0,3,1.00,ESTIMATE
Euler/HilbertProductSubspaceRetraction.lean,2,7,0,0,2,0.50,ESTIMATE
Euler/IntegralEnergyBootstrap.lean,2,2,0,0,2,1.00,ESTIMATE
Euler/LiftedTransportComponents.lean,2,3,0,0,2,0.50,ESTIMATE
Euler/LinearDuhamelFrozenGevrey.lean,2,11,0,0,2,1.00,ESTIMATE
Euler/LpCylinderFullTime.lean,2,10,0,0,2,1.00,ESTIMATE
Euler/LpCylinderNormalBounds.lean,2,3,0,0,2,1.00,ESTIMATE
Euler/LpCylinderRegularCoefficient.lean,2,12,0,0,2,1.00,ESTIMATE
Euler/LpCylinderRegularSobolev.lean,2,12,0,0,2,1.00,ESTIMATE
Euler/LpDominatedConvergence.lean,2,2,0,0,2,1.00,ESTIMATE
Euler/LpSmoothFamilyJets.lean,2,5,0,0,5,1.00,ESTIMATE
Euler/MeanAccelerationGevrey.lean,2,13,0,0,3,1.00,ESTIMATE
Euler/MeanBoundaryCoercivity.lean,2,2,0,0,2,1.00,ESTIMATE
Euler/MeanBoundaryDerivative.lean,2,13,0,0,9,0.89,ESTIMATE
Euler/MeanContinuousAcceleration.lean,2,14,0,0,3,1.00,ESTIMATE
Euler/MeanContinuousVelocity.lean,2,6,0,0,5,1.00,ESTIMATE
Euler/MeanFixedSobolevGevrey.lean,2,10,0,0,2,1.00,ESTIMATE
Euler/MeanMomentumBoundary.lean,2,10,0,0,3,0.33,PLUMBING
Euler/MeanOperatorReflection.lean,2,11,0,1,2,1.00,STRUCTURAL
Euler/MeanPacketInitialZero.lean,2,2,0,0,2,0.50,ESTIMATE
Euler/MeanPacketPathEnvelope.lean,2,2,0,0,2,1.00,ESTIMATE
Euler/MeanSourceGevrey.lean,2,3,0,0,3,1.00,ESTIMATE
Euler/MeanSourceVariationalInverse.lean,2,7,0,0,5,0.60,ESTIMATE
Euler/MeanStrongEstimates.lean,2,14,0,0,11,0.91,ESTIMATE
Euler/MeanStrongGevrey.lean,2,4,0,0,4,1.00,ESTIMATE
Euler/MeanVelocityPressure.lean,2,11,0,0,7,0.57,ESTIMATE
Euler/MeanWeakHarmonicInterior.lean,2,5,0,0,4,1.00,ESTIMATE
Euler/PacketCurlTransport.lean,2,2,0,0,2,1.00,ESTIMATE
Euler/PacketCylinderBoundTransfer.lean,2,2,0,0,2,1.00,ESTIMATE
Euler/PacketCylinderFieldUnique.lean,2,2,0,0,2,0.00,PLUMBING
Euler/PacketCylinderHighMean.lean,2,2,0,0,2,0.50,ESTIMATE
Euler/PacketCylinderMeanStep.lean,2,5,0,0,2,1.00,ESTIMATE
Euler/PacketCylinderTimeParity.lean,2,2,0,0,2,1.00,ESTIMATE
Euler/PacketEarlyPhysical.lean,2,2,0,0,2,1.00,ESTIMATE
Euler/PacketExactPhysicalEuler.lean,2,2,0,0,2,1.00,ESTIMATE
Euler/PacketExactShearError.lean,2,4,0,0,3,0.67,ESTIMATE
Euler/PacketFieldMap.lean,2,2,0,0,2,1.00,ESTIMATE
Euler/PacketFiniteApproximationBounds.lean,2,2,0,0,2,1.00,ESTIMATE
Euler/PacketFiniteAssemblyBounds.lean,2,2,0,0,2,1.00,ESTIMATE
Euler/PacketFiniteProfileFields.lean,2,10,0,0,3,0.67,ESTIMATE
Euler/PacketForcingBounds.lean,2,2,0,0,2,0.50,ESTIMATE
Euler/PacketForwardApproximationBounds.lean,2,2,0,0,2,1.00,ESTIMATE
Euler/PacketForwardInitializedProfiles.lean,2,4,0,0,2,0.50,ESTIMATE
Euler/PacketForwardInitializedSolenoidal.lean,2,2,0,0,2,0.50,ESTIMATE
Euler/PacketForwardInitializedTimeBounds.lean,2,3,0,0,2,0.50,ESTIMATE
Euler/PacketForwardPrimaryBounds.lean,2,2,0,0,2,1.00,ESTIMATE
Euler/PacketForwardResidualBounds.lean,2,2,0,0,2,1.00,ESTIMATE
Euler/PacketForwardUniformCosts.lean,2,2,0,0,2,1.00,ESTIMATE
Euler/PacketFrameRenewalAlgebra.lean,2,3,0,0,3,0.33,PLUMBING
Euler/PacketInitialGeometry.lean,2,3,0,0,3,0.33,PLUMBING
Euler/PacketInitialPolynomialBounds.lean,2,2,0,0,2,1.00,ESTIMATE
Euler/PacketInitializedSolenoidal.lean,2,2,0,0,2,0.50,ESTIMATE
Euler/PacketInitializedTimeBounds.lean,2,3,0,0,2,0.50,ESTIMATE
Euler/PacketInitializedUniformBounds.lean,2,3,0,0,2,1.00,ESTIMATE
Euler/PacketInverseFlowContinuity.lean,2,2,0,0,2,1.00,ESTIMATE
Euler/PacketJoinedApproximationBounds.lean,2,2,0,0,2,1.00,ESTIMATE
Euler/PacketJoinedResidualBounds.lean,2,2,0,0,2,1.00,ESTIMATE
Euler/PacketJoinedSourceProfiles.lean,2,6,0,0,2,0.00,PLUMBING
Euler/PacketKnownPieceBounds.lean,2,3,1,0,2,1.00,STRUCTURAL
Euler/PacketMaskedProductBounds.lean,2,2,0,0,2,1.00,ESTIMATE
Euler/PacketNormalDriftBounds.lean,2,2,0,0,2,1.00,ESTIMATE
Euler/PacketParentJacobiCoefficient.lean,2,2,0,0,2,1.00,ESTIMATE
Euler/PacketPressureSymmetry.lean,2,2,0,0,2,1.00,ESTIMATE
Euler/PacketPrimaryParity.lean,2,2,0,0,2,0.00,PLUMBING
Euler/PacketPrimarySourceParity.lean,2,2,0,0,2,0.00,PLUMBING
Euler/PacketProfileBudget.lean,2,4,1,0,3,1.00,STRUCTURAL
Euler/PacketProfileTailGrade.lean,2,3,0,0,3,1.00,ESTIMATE
Euler/PacketSourceParity.lean,2,3,0,0,3,0.00,PLUMBING
Euler/PacketSourcePrimitiveBounds.lean,2,4,0,0,4,1.00,ESTIMATE
Euler/PacketSourceSmoothField.lean,2,5,0,0,3,0.33,PLUMBING
Euler/PacketTailBound.lean,2,4,0,0,4,1.00,ESTIMATE
Euler/PacketTailNormalization.lean,2,2,0,0,2,1.00,ESTIMATE
Euler/PacketTailSumBounds.lean,2,2,0,0,2,1.00,ESTIMATE
Euler/PacketTangentInvariant.lean,2,2,0,0,2,1.00,ESTIMATE
Euler/PacketTangentNorm.lean,2,2,0,0,2,1.00,ESTIMATE
Euler/PacketUnweightedAdvection.lean,2,2,0,0,2,1.00,ESTIMATE
Euler/PacketVelocityPropagator.lean,2,2,0,0,2,1.00,ESTIMATE
Euler/ParameterSobolevAcceleration.lean,2,3,0,0,2,1.00,ESTIMATE
Euler/ParameterSobolevInverse.lean,2,3,0,0,2,1.00,ESTIMATE
Euler/ParameterSobolevLocal.lean,2,2,0,0,2,1.00,ESTIMATE
Euler/ParameterSobolevProductGevrey.lean,2,3,0,0,3,1.00,ESTIMATE
Euler/ParameterWordHigher.lean,2,2,0,0,2,1.00,ESTIMATE
Euler/ParameterWordLocal.lean,2,2,0,0,2,0.00,PLUMBING
Euler/ParentPacketStateGeometry.lean,2,2,0,0,2,1.00,ESTIMATE
Euler/ParentParticleRegularity.lean,2,2,0,0,2,0.50,ESTIMATE
Euler/PeriodicDerivativeMean.lean,2,2,0,0,2,0.50,ESTIMATE
Euler/PolynomialCostMajorant.lean,2,3,0,0,2,1.00,ESTIMATE
Euler/QuadraticCauchy.lean,2,3,0,0,3,1.00,ESTIMATE
Euler/QuadraticMildPasting.lean,2,2,0,0,2,1.00,ESTIMATE
Euler/QuadraticSourceLimit.lean,2,3,0,0,2,1.00,ESTIMATE
Euler/SmoothTimeFieldParity.lean,2,2,0,0,2,1.00,ESTIMATE
Euler/SmoothTimeFieldSecondJoint.lean,2,2,0,0,2,0.00,PLUMBING
Euler/SobolevDifferenceEnergy.lean,2,4,0,0,2,1.00,ESTIMATE
Euler/SobolevPressureTime.lean,2,6,0,0,4,1.00,ESTIMATE
Euler/SobolevProductJet.lean,2,4,0,0,2,1.00,ESTIMATE
Euler/SobolevTopBlocks.lean,2,2,0,0,2,1.00,ESTIMATE
Euler/SquaredMetricStability.lean,2,2,0,0,2,1.00,ESTIMATE
Euler/TimeCorrectionStrongIdentity.lean,2,2,0,0,2,1.00,ESTIMATE
Euler/TimeH1ReconstructionNaturality.lean,2,2,0,0,2,1.00,ESTIMATE
Euler/TimeH1SobolevReconstruction.lean,2,6,0,0,2,1.00,ESTIMATE
Euler/TimeH1WeakPairing.lean,2,2,0,0,2,1.00,ESTIMATE
Euler/TimeLpAccelerationSobolev.lean,2,2,0,0,2,1.00,ESTIMATE
Euler/TransportL2Time.lean,2,6,0,0,2,1.00,ESTIMATE
Euler/TransverseActivationSelection.lean,2,4,0,0,2,1.00,ESTIMATE
Euler/TransverseEndpointGreen.lean,2,3,0,0,2,1.00,ESTIMATE
Euler/TransverseEndpointUniqueness.lean,2,4,0,0,4,0.25,PLUMBING
Euler/TransverseForwardCoefficientGevrey.lean,2,13,0,0,5,1.00,ESTIMATE
Euler/TransverseHistoryParentCost.lean,2,3,0,0,2,1.00,ESTIMATE
Euler/TransverseHistoryPolynomialCost.lean,2,8,0,0,3,1.00,ESTIMATE
Euler/TransversePacketBudget.lean,2,8,1,0,2,1.00,STRUCTURAL
Euler/TransversePacketCylinderFields.lean,2,10,0,0,6,0.00,PLUMBING
Euler/TransversePacketEndpointPointwise.lean,2,5,0,0,3,0.00,PLUMBING
Euler/TransversePacketForwardBounds.lean,2,4,0,0,2,1.00,ESTIMATE
Euler/TransversePacketJoinedBounds.lean,2,2,0,0,2,1.00,ESTIMATE
Euler/TransversePacketPressureGradientBounds.lean,2,3,0,0,3,1.00,ESTIMATE
Euler/TransversePacketPressureGradientProperties.lean,2,4,0,0,4,0.25,PLUMBING
Euler/TransversePacketPrimaryBounds.lean,2,2,0,0,2,1.00,ESTIMATE
Euler/TransversePacketPrimaryEquation.lean,2,2,0,0,2,1.00,ESTIMATE
Euler/UniformHeatLocal.lean,2,3,0,0,2,1.00,ESTIMATE
Euler/ViscousSourcePathLimit.lean,2,5,0,0,2,1.00,ESTIMATE
NavierStokes/BlowupImplication.lean,2,12,0,0,12,1.00,ESTIMATE
NavierStokes/HarmonicCovariance.lean,2,9,0,0,9,1.00,ESTIMATE
NavierStokes/NativePrincipalEquations.lean,2,2,0,0,2,1.00,ESTIMATE
NavierStokes/R3/ParabolicDefinitions.lean,2,7,0,0,2,1.00,ESTIMATE
NavierStokes/R3/ParabolicEnergy.lean,2,2,0,0,2,1.00,ESTIMATE
NavierStokes/RadialSchedule.lean,2,34,0,0,21,0.38,PLUMBING
Euler/AllOrderCorrectionBudget.lean,1,2,1,0,1,1.00,STRUCTURAL
Euler/AllOrderCorrectionCoherence.lean,1,1,0,0,1,1.00,ESTIMATE
Euler/AnglePrimitiveKernel.lean,1,1,0,0,1,1.00,ESTIMATE
Euler/AnglePrimitiveParity.lean,1,2,0,0,2,1.00,ESTIMATE
Euler/BaseEulerParity.lean,1,1,0,0,1,1.00,ESTIMATE
Euler/BaseFirstPacket.lean,1,4,0,0,1,1.00,ESTIMATE
Euler/BoundedEvaluationDifferentiation.lean,1,1,0,0,1,1.00,ESTIMATE
Euler/BoundedFlowPeriodicity.lean,1,1,0,0,1,1.00,ESTIMATE
Euler/ClassicalDivergence.lean,1,1,0,0,1,1.00,ESTIMATE
Euler/ContinuousGramSobolev.lean,1,1,0,0,1,1.00,ESTIMATE
Euler/ContinuousInverseDerivative.lean,1,1,0,0,1,0.00,PLUMBING
Euler/CorrectionDifferenceMetric.lean,1,3,0,0,1,1.00,ESTIMATE
Euler/CorrectionEnergyTime.lean,1,10,0,0,1,1.00,ESTIMATE
Euler/CorrectionLimitDerivative.lean,1,3,0,0,1,1.00,ESTIMATE
Euler/CorrectionLimitEquation.lean,1,3,0,0,1,1.00,ESTIMATE
Euler/CorrectionLimitPathDerivative.lean,1,3,0,0,1,1.00,ESTIMATE
Euler/CorrectionMildEnergy.lean,1,2,0,0,1,1.00,ESTIMATE
Euler/CorrectionMildEquation.lean,1,1,0,0,1,1.00,ESTIMATE
Euler/CurlMatrixSymmetry.lean,1,1,0,0,1,1.00,ESTIMATE
Euler/CurlSupport.lean,1,1,0,0,1,1.00,ESTIMATE
Euler/CylinderConstantMapBounds.lean,1,1,0,0,1,1.00,ESTIMATE
Euler/CylinderScalarAverage.lean,1,1,0,0,1,1.00,ESTIMATE
Euler/CylinderScalarParity.lean,1,1,0,0,1,1.00,ESTIMATE
Euler/CylinderSlowCurlBounds.lean,1,13,0,0,1,1.00,ESTIMATE
Euler/DriftCorrectionBootstrap.lean,1,1,0,0,1,1.00,ESTIMATE
Euler/DriftCorrectionMildEnergy.lean,1,1,0,0,1,1.00,ESTIMATE
Euler/DriftEnergyConstants.lean,1,2,0,0,1,1.00,ESTIMATE
Euler/DriftEnergyMajorants.lean,1,3,0,0,1,1.00,ESTIMATE
Euler/DriftGevreyInviscidEnergyCompactness.lean,1,3,0,0,1,1.00,ESTIMATE
Euler/DriftGlobalGevreyCorrection.lean,1,1,0,0,1,1.00,ESTIMATE
Euler/DriftGlobalInviscidGevrey.lean,1,1,0,0,1,1.00,ESTIMATE
Euler/DriftPartialCorrectionBootstrap.lean,1,1,0,0,1,1.00,ESTIMATE
Euler/DriftViscousCorrectionFamily.lean,1,1,0,0,1,1.00,ESTIMATE
Euler/EulerCorrectionLocal.lean,1,8,2,0,2,1.00,STRUCTURAL
Euler/FiniteIntervalFlow.lean,1,3,0,0,2,1.00,ESTIMATE
Euler/FiniteQuadraticCauchy.lean,1,1,0,0,1,1.00,ESTIMATE
Euler/GevreyEnergyPathLimit.lean,1,1,0,0,1,1.00,ESTIMATE
Euler/GevreyFamilyCompactness.lean,1,1,0,0,1,1.00,ESTIMATE
Euler/GevreyInviscidEnergyCompactness.lean,1,3,0,0,1,1.00,ESTIMATE
Euler/GevreyPathNorm.lean,1,1,0,0,1,1.00,ESTIMATE
Euler/GlobalGevreyCorrection.lean,1,1,0,0,1,1.00,ESTIMATE
Euler/GlobalInviscidGevrey.lean,1,1,0,0,1,1.00,ESTIMATE
Euler/HeatGradientIntegral.lean,1,1,0,0,1,1.00,ESTIMATE
Euler/HilbertCoerciveTransport.lean,1,4,0,0,3,0.33,PLUMBING
Euler/InviscidCorrectionCompatibility.lean,1,1,0,0,1,1.00,ESTIMATE
Euler/InviscidCorrectionParity.lean,1,4,0,0,2,1.00,ESTIMATE
Euler/InviscidCorrectionRestriction.lean,1,1,0,0,1,1.00,ESTIMATE
Euler/InviscidDifferencePDE.lean,1,1,0,0,1,1.00,ESTIMATE
Euler/IsometricActionDerivativeBound.lean,1,1,0,0,1,1.00,ESTIMATE
Euler/LinearDuhamelWeightedNaturality.lean,1,1,0,0,1,1.00,ESTIMATE
Euler/LinearFundamentalExistence.lean,1,1,0,0,1,1.00,ESTIMATE
Euler/LpCylinderPathBounds.lean,1,17,0,0,2,0.50,ESTIMATE
Euler/LpCylinderUnweightedForward.lean,1,1,0,0,1,1.00,ESTIMATE
Euler/LpDominatedDerivative.lean,1,1,0,0,1,1.00,ESTIMATE
Euler/LpMultilinearBundling.lean,1,4,0,0,3,1.00,ESTIMATE
Euler/LpSupportedConstructedEvolution.lean,1,7,0,0,2,1.00,ESTIMATE
Euler/MeanAccelerationSobolev.lean,1,11,0,0,1,1.00,ESTIMATE
Euler/MeanClassicalSpatialTime.lean,1,3,0,0,3,1.00,ESTIMATE
Euler/MeanContinuousSobolev.lean,1,11,0,0,1,1.00,ESTIMATE
Euler/MeanHarmonicSmallBall.lean,1,4,0,0,3,1.00,ESTIMATE
Euler/MeanMomentumRegularity.lean,1,5,0,0,5,0.80,ESTIMATE
Euler/MeanPacketAngularForcing.lean,1,4,0,0,1,1.00,ESTIMATE
Euler/MeanPacketEnvelopeBounds.lean,1,1,0,0,1,1.00,ESTIMATE
Euler/MeanPacketPressureForcing.lean,1,4,0,0,2,0.00,PLUMBING
Euler/MeanPacketSobolevData.lean,1,5,1,0,1,1.00,STRUCTURAL
Euler/MeanPathSpatialRepresentative.lean,1,6,0,0,5,1.00,ESTIMATE
Euler/MeanPressureSobolev.lean,1,1,0,0,1,1.00,ESTIMATE
Euler/MeanSourcePressureSobolev.lean,1,1,0,0,1,1.00,ESTIMATE
Euler/MeanSourceSobolev.lean,1,1,0,0,1,1.00,ESTIMATE
Euler/MeanSourceStrongInverse.lean,1,3,0,0,3,1.00,ESTIMATE
Euler/MeanSourceStrongSobolev.lean,1,1,0,0,1,1.00,ESTIMATE
Euler/MeanSourceTimeSobolev.lean,1,1,0,0,1,1.00,ESTIMATE
Euler/MeanStrongContinuousGevrey.lean,1,3,0,0,2,1.00,ESTIMATE
Euler/MeanStrongInverse.lean,1,1,0,0,1,1.00,ESTIMATE
Euler/MeanStrongSobolev.lean,1,1,0,0,1,1.00,ESTIMATE
Euler/PDEMajorantLimit.lean,1,1,0,0,1,1.00,ESTIMATE
Euler/PDESubintervalEnergyLimit.lean,1,2,0,0,2,1.00,ESTIMATE
Euler/PacketActivationConstructed.lean,1,4,0,0,2,1.00,ESTIMATE
Euler/PacketActivationHistory.lean,1,3,0,0,1,1.00,ESTIMATE
Euler/PacketActivationInitial.lean,1,1,0,0,1,1.00,ESTIMATE
Euler/PacketAngularPressureStepBound.lean,1,1,0,0,1,1.00,ESTIMATE
Euler/PacketApproximationBounds.lean,1,2,0,0,2,1.00,ESTIMATE
Euler/PacketApproximationNormalization.lean,1,1,0,0,1,1.00,ESTIMATE
Euler/PacketCoefficientMotion.lean,1,1,0,0,1,1.00,ESTIMATE
Euler/PacketConvolutionBounds.lean,1,1,0,0,1,1.00,ESTIMATE
Euler/PacketCylinderFieldSupport.lean,1,2,0,0,2,0.00,PLUMBING
Euler/PacketCylinderMeanParity.lean,1,1,0,0,1,1.00,ESTIMATE
Euler/PacketCylinderRecursiveAdmissibility.lean,1,4,0,0,1,1.00,ESTIMATE
Euler/PacketCylinderTimeUnique.lean,1,2,0,0,2,0.50,ESTIMATE
Euler/PacketExactPhysicalDivergence.lean,1,1,0,0,1,1.00,ESTIMATE
Euler/PacketExactPhysicalMomentum.lean,1,1,0,0,1,1.00,ESTIMATE
Euler/PacketFiniteRemainderBounds.lean,1,2,0,0,1,1.00,ESTIMATE
Euler/PacketForwardExactPressureError.lean,1,1,0,0,1,1.00,ESTIMATE
Euler/PacketForwardForcedBounds.lean,1,1,0,0,1,0.00,PLUMBING
Euler/PacketForwardInitializedPressure.lean,1,4,0,0,1,0.00,PLUMBING
Euler/PacketForwardInitializedProfilesParity.lean,1,1,0,0,1,0.00,PLUMBING
Euler/PacketForwardOutputCosts.lean,1,1,0,0,1,1.00,ESTIMATE
Euler/PacketForwardStepBudget.lean,1,1,0,0,1,1.00,ESTIMATE
Euler/PacketInitialAmplitude.lean,1,1,0,0,1,1.00,ESTIMATE
Euler/PacketInitializedAllOrderBudget.lean,1,3,0,0,1,1.00,ESTIMATE
Euler/PacketInitializedProfiles.lean,1,3,0,0,1,1.00,ESTIMATE
Euler/PacketInitializedProfilesParity.lean,1,1,0,0,1,0.00,PLUMBING
Euler/PacketInitializedUniformFlow.lean,1,1,0,0,1,1.00,ESTIMATE
Euler/PacketJoinedPressureAssembly.lean,1,11,0,0,1,0.00,PLUMBING
Euler/PacketJoinedProfilesParity.lean,1,1,0,0,1,1.00,ESTIMATE
Euler/PacketJoinedProfilesRegularity.lean,1,4,0,0,1,1.00,ESTIMATE
Euler/PacketJoinedSourcePiola.lean,1,2,0,0,1,1.00,ESTIMATE
Euler/PacketJoinedSourceResidual.lean,1,2,0,0,1,1.00,ESTIMATE
Euler/PacketJoinedStepBudget.lean,1,1,0,0,1,1.00,ESTIMATE
Euler/PacketJoinedStepParity.lean,1,1,0,0,1,1.00,ESTIMATE
Euler/PacketKnownGrade.lean,1,4,0,0,3,0.67,ESTIMATE
Euler/PacketLowGrades.lean,1,2,0,0,2,1.00,ESTIMATE
Euler/PacketMatrixNormalization.lean,1,1,0,0,1,1.00,ESTIMATE
Euler/PacketMeanPressureStepBound.lean,1,2,0,0,2,1.00,ESTIMATE
Euler/PacketParentForwardBudget.lean,1,5,0,0,1,1.00,ESTIMATE
Euler/PacketParentPhysicalBudgets.lean,1,5,0,0,1,1.00,ESTIMATE
Euler/PacketPhysicalCoefficients.lean,1,3,0,0,1,1.00,ESTIMATE
Euler/PacketPiola.lean,1,9,0,0,5,0.40,PLUMBING
Euler/PacketPotentialParity.lean,1,1,0,0,1,1.00,ESTIMATE
Euler/PacketProfileBudgetTransport.lean,1,1,0,0,1,1.00,ESTIMATE
Euler/PacketProfileStepParity.lean,1,1,0,0,1,1.00,ESTIMATE
Euler/PacketProfilesParity.lean,1,1,0,0,1,1.00,ESTIMATE
Euler/PacketProfilesRegularity.lean,1,4,0,0,1,1.00,ESTIMATE
Euler/PacketRecursiveResidual.lean,1,1,0,0,1,1.00,ESTIMATE
Euler/PacketScalarUniqueness.lean,1,1,0,0,1,1.00,ESTIMATE
Euler/PacketShearMotion.lean,1,1,0,0,1,1.00,ESTIMATE
Euler/PacketSlicedResidual.lean,1,4,0,0,2,1.00,ESTIMATE
Euler/PacketSourceResidual.lean,1,1,0,0,1,1.00,ESTIMATE
Euler/PacketTailNonlinearBounds.lean,1,1,0,0,1,1.00,ESTIMATE
Euler/PacketTerminalPrimaryBudget.lean,1,1,0,0,1,0.00,PLUMBING
Euler/PacketUniformInitialBounds.lean,1,2,0,0,2,1.00,ESTIMATE
Euler/PacketWithinRay.lean,1,1,0,0,1,1.00,ESTIMATE
Euler/ParameterNestedWordSum.lean,1,1,0,0,1,1.00,ESTIMATE
Euler/ParameterSobolevFiniteSum.lean,1,1,0,0,1,1.00,ESTIMATE
Euler/ParameterSobolevProductAt.lean,1,1,0,0,1,1.00,ESTIMATE
Euler/ParameterSobolevTensorInverse.lean,1,2,0,0,1,1.00,ESTIMATE
Euler/ParentChildEulerMatch.lean,1,2,0,0,2,0.50,ESTIMATE
Euler/ParentForwardRadiusPolynomial.lean,1,5,0,0,4,1.00,ESTIMATE
Euler/ParentForwardUniformCosts.lean,1,2,0,0,1,1.00,ESTIMATE
Euler/ParentHomogeneousPacketLowBounds.lean,1,3,0,1,2,1.00,STRUCTURAL
Euler/ParentInitializedUniformCosts.lean,1,2,0,0,1,1.00,ESTIMATE
Euler/ParentPacketJoinedInput.lean,1,6,1,0,1,1.00,STRUCTURAL
Euler/ParentShortForwardRadius.lean,1,3,0,0,2,1.00,ESTIMATE
Euler/PartialCorrectionBootstrap.lean,1,1,0,0,1,1.00,ESTIMATE
Euler/PhysicalChildFields.lean,1,7,0,0,4,0.50,ESTIMATE
Euler/ProjectedForcingFields.lean,1,1,0,0,1,1.00,ESTIMATE
Euler/SmoothFlowJoint.lean,1,11,0,0,8,0.00,PLUMBING
Euler/SmoothImplicitLift.lean,1,1,0,0,1,0.00,PLUMBING
Euler/SmoothInequalityTransfer.lean,1,1,0,0,1,0.00,PLUMBING
Euler/SobolevPointMultiplication.lean,1,1,0,0,1,1.00,ESTIMATE
Euler/SobolevViscousEnergy.lean,1,1,0,0,1,1.00,ESTIMATE
Euler/SourceCylinderForward.lean,1,5,0,0,2,0.50,ESTIMATE
Euler/SourceCylinderForwardSobolev.lean,1,6,0,0,1,1.00,ESTIMATE
Euler/SourceCylinderPressureRegularity.lean,1,2,0,0,2,0.50,ESTIMATE
Euler/StageDisplacementBound.lean,1,7,0,0,7,1.00,ESTIMATE
Euler/StaticEulerRegularity.lean,1,3,0,0,3,0.33,PLUMBING
Euler/TimeEndpointEnergyUniqueness.lean,1,1,0,0,1,1.00,ESTIMATE
Euler/TimeLpGramSobolev.lean,1,2,0,0,1,1.00,ESTIMATE
Euler/TimeLpPairing.lean,1,6,0,0,6,1.00,ESTIMATE
Euler/TimeLpStrongOperators.lean,1,1,0,0,1,1.00,ESTIMATE
Euler/TimeSobolevTransport.lean,1,6,0,0,2,1.00,ESTIMATE
Euler/TopBlockTimeNorm.lean,1,2,0,0,2,1.00,ESTIMATE
Euler/TransversePacketAmplitude.lean,1,1,0,0,1,1.00,ESTIMATE
Euler/TransversePacketCoefficientBounds.lean,1,19,0,0,1,1.00,ESTIMATE
Euler/TransversePacketInitialRepresentative.lean,1,1,0,0,1,0.00,PLUMBING
Euler/TransversePacketPairAmplitude.lean,1,1,0,0,1,1.00,ESTIMATE
Euler/TransversePacketPressureGradient.lean,1,3,0,0,1,0.00,PLUMBING
Euler/TransversePacketPrimaryBudget.lean,1,5,1,0,1,1.00,STRUCTURAL
Euler/TransverseVariationalInverse.lean,1,22,0,0,17,0.47,PLUMBING
Euler/ViscousCorrectionFamily.lean,1,1,0,0,1,1.00,ESTIMATE
NavierStokes/PeriodizeLatticeCover.lean,1,1,0,0,1,1.00,ESTIMATE
