n,slice,paper_statements,cited_wrapper_file,cited_wrapper_line,cited_wrapper_name,in_import_closure,why_out_of_cone,in_cone_carriers,carrier_vs_paper,changed,note,cited_at
1,B,A.6 (Lemma),NavierStokes/AppendixHeatResults.lean,66,NavierStokes.AppendixHeatResults.endpoint_derivatives,False,WRAPPER,"NavierStokes/RadialHeatProfile.lean:216 iteratedDerivWithin_profile; :624 radial_heat_equation; :441 profile_logSlope_lt; NavierStokes/HeatProfileExtension.lean:70 extension, :73 extension_contDiff",EXACT on A.6's ODE / log-slope / smoothness clauses; NO IN-CONE COUNTERPART for the explicit endpoint display (A.35) and the explicit (A.36) constant,"CHANGED (LEAN STRONGER -> EXACT, partial)","`endpoint_derivatives` is in the PaperAdditionalResults display layer; its only consumer `first_endpoint_jet` (:105) is in the same file. The in-cone jet formula is `profileJet`-valued, not the closed rising-factorial value.",align-B.md:26
2,A,4.10 (Proposition),NavierStokes/AppendixJoiningResults.lean,17,NavierStokes.AppendixJoiningResults.axis_initial_margin,False,WRAPPER,NavierStokes/NominalConeAssembly.lean:1517 exists_nominal_cone; NavierStokes/NaturalAxisData.lean:79 neg_W_formula,EXACT on 4.10's existence substance; NO IN-CONE COUNTERPART for the printed numeric axis margin `14/5 < -W`,SAME (EXACT) with a new gap flagged,Zero consumers; whole file (5 decls) out of the seeds' import closure.,align-A.md:40
3,B,B.4 (Lemma),NavierStokes/AppendixJoiningResults.lean,67,NavierStokes.AppendixJoiningResults.reference_first_gt_three,False,WRAPPER,NavierStokes/ReferenceBounds.lean:1004 ReferenceBoundsOnHold; :1180 exists_reference_bounds,"EXACT on B.4's four uniform families and the hold-region source bound; NO IN-CONE COUNTERPART for the `p1 > 3 on [100,110]` clause",SAME (EXACT) with the p1>3 clause newly flagged as out of cone,Zero consumers; display layer.,align-B.md:34
4,B,B.6 (Cor),NavierStokes/AxisHolomorphic.lean,539,NavierStokes.AxisHolomorphic.exists_common_holomorphic_extension,True,WRAPPER,NavierStokes/AxisHolomorphic.lean:401 complexProfile_analytic; :414 complexProfile_bound; :513 exists_parameterTube_subset; NavierStokes/ActivationHolomorphic.lean:1108 exists_initialTube,"EXACT - the wrapper is a pure existential repackaging of exactly these in-cone lemmas (same tube, same bound, same jet identities)",SAME,Zero consumers.,align-B.md:36
5,B,B.6 (Cor),NavierStokes/AxisHolomorphicJoint.lean,202,NavierStokes.AxisHolomorphicJoint.exists_common_joint_extension,True,WRAPPER,NavierStokes/AxisHolomorphic.lean:401 complexProfile_analytic; :414 complexProfile_bound; :513 exists_parameterTube_subset; NavierStokes/AxisHolomorphicJoint.lean:177 complexProfile_joint_smooth_tube,"EXACT - same repackaging plus the joint-smoothness field, which its proof takes from the in-cone tube lemmas",SAME,Zero consumers.,align-B.md:36
6,B,B.2 (Prop),NavierStokes/AxisJointAnalytic.lean,101,NavierStokes.AxisJointAnalytic.profile_analyticOnNhd,False,WRAPPER,NavierStokes/AxisContraction.lean:753 natural_axis_profiles; NavierStokes/AnalyticCoefficientBounds.lean:315 uniform_normalizedExp_axisData; NavierStokes/AxisHolomorphic.lean:401 complexProfile_analytic,EXACT - real-strip analyticity is the real slice of the in-cone complex-tube analyticity,SAME,"Display layer; only consumer is `NaturalEntrance.CoefficientProfile.scaled_analytic` (NavierStokes/NaturalAxisJointAnalytic.lean:22), itself out of cone.",align-B.md:32
7,B,B.2 (Prop),NavierStokes/AxisProfile.lean,48,NavierStokes.AxisProfile.profileCoeff,True,WRAPPER,NavierStokes/AxisSeries.lean:174 profile; :302 profile_gt_quarter; :347 bessel_one_le_one,EXACT (one numeric constant weaker) - the comparison-series bound the paper's B.2 needs is in cone; only the explicit quartic/cubic truncation identities are not,SAME,All 6 consumers of `profileCoeff` are inside AxisProfile.lean and all out of cone; the in-cone route uses AxisSeries.profile instead.,align-B.md:32
8,B,5.3 (Prop),NavierStokes/BaseResidual.lean,1439,NavierStokes.BaseResidual.truncationResidual_rate,True,WRAPPER,NavierStokes/BaseResidual.lean:2514 baseResidual_jetRate_axis; :1513 FiniteIdentities,"LEAN STRONGER - the carrier proves `JetRate ... m n` for EVERY real n >= 0 (arbitrary flatness order, and up to the axis), strictly beating the paper's single rate 2h(N+1) - K_m",CHANGED (LEAN WEAKER (trivially) -> LEAN STRONGER),"Chain: truncationResidual_rate -> baseResidual_jetRate:1521 -> baseResidual_allJetsFlat:1614, all out of cone; the in-cone flat-error route is the `_axis` theorem.",align-B.md:18
9,D,"(prose, line 250)",NavierStokes/BaseWitnessClosure.lean,22,NavierStokes.BaseWitnessClosure.actual_profile_eq,False,OTHER: orphan module,NavierStokes/FinalSlowBase.lean:627 profileData_nonempty; :634 actualProfile,EXACT - the cited `rfl` identity is definitional and the in-cone `actualProfile` is the object it names,SAME,"`NavierStokes/BaseWitnessClosure.lean` is imported by NO file in the repository - not by `ComparatorSolution`, not by `PaperResults`. It is outside even the display layer.",align-D.md:250
10,A,4.7 (2nd) (Lemma),NavierStokes/ClosedIntervalCk.lean,23,NavierStokes.ClosedIntervalCk.I,False,WRAPPER,NavierStokes/MomentRepair.lean:206 exists_unique_small_correction; NavierStokes/UniformAngularReset.lean:273 exists_smooth_solver_on_ball,"LEAN WEAKER - the in-cone route has the C0 unique small correction and a C-infinity solver in the datum on a ball, but no C^k norm estimate and no statement over the closed interval I = Icc (-1) 1",CHANGED (LEAN STRONGER -> LEAN WEAKER),`ClosedIntervalCk.lean` is 0/48 in cone and out of the seeds' import closure; the whole C^k-over-I framework is display-only.,align-A.md:37
11,B,A.2 (Lemma),NavierStokes/ClosedIntervalMomentRepair.lean,16,NavierStokes.ClosedIntervalMomentRepair.Data,False,WRAPPER,NavierStokes/MomentRepair.lean:206 exists_unique_small_correction; NavierStokes/UniformAngularReset.lean:273 exists_smooth_solver_on_ball; :364 uniform_reset_branch,"LEAN WEAKER - existence, uniqueness in the ball and the 2*beta*||d|| bound are in cone; A.2's C^k bound ||c||_{C^k} <= 2 beta_k ||d||_{C^k} and the `Small k` hypothesis family are not",CHANGED (EXACT -> LEAN WEAKER),"`ClosedIntervalMomentRepair.lean` 0/24 in cone, outside the seeds' import closure.",align-B.md:22
12,A,4.7 (2nd) (Lemma),NavierStokes/ClosedIntervalMomentRepair.lean,151,NavierStokes.ClosedIntervalMomentRepair.Data.exists_smooth_same_branch,False,WRAPPER,NavierStokes/MomentRepair.lean:206 exists_unique_small_correction; NavierStokes/UniformAngularReset.lean:273 exists_smooth_solver_on_ball,LEAN WEAKER - the `same branch` identification and the C^k bound that made the first pass call it stronger are both display-only,CHANGED (LEAN STRONGER -> LEAN WEAKER),"Only consumer is ParameterizedMomentRepair.lean:45, also out of cone and out of the import closure.",align-A.md:37
13,B,5.5 (Prop) ; B.10 (Cor),NavierStokes/ConstructedSlowBase.lean,932,NavierStokes.ConstructedSlowBase.exists_actual_base,True,WRAPPER,NavierStokes/FinalSlowBase.lean:619 ProfileData; :627 profileData_nonempty; NavierStokes/ConstructedSlowBase.lean:906 Modulated.residual_identity; :919 Modulated.weighted_bound,EXACT - the in-cone route builds the same object constructively (ProfileData + Classical.choice) and proves the same per-field conclusions; the wrapper only re-packages them existentially,SAME,Zero consumers. Its proof is literally `obtain := exists_modulated_profile; exact <Modulated.* lemmas>`.,align-B.md:20 ; align-B.md:40
14,D,9.6 (Proposition),NavierStokes/ExponentLedger.lean,63,NavierStokes.ExponentLedger.wave_increment,True,WRAPPER,NavierStokes/ExponentLedger.lean:291 stage_parameter_succ; NavierStokes/ActualCyclePreservation.lean:826 state_runInvariant,EXACT in shape - the +1/10 per cycle and the induction that chains it are in cone; the ledger's gain-margin arithmetic (wave_increment and the ~40 margin lemmas) is not,SAME,"Only 4 consumers, all inside the out-of-cone ledger cluster; 46 of ExponentLedger's 53 declarations are out of cone.",align-D.md:32
15,B,A.1 (Lemma),NavierStokes/ExponentialMomentMatrix.lean,72,NavierStokes.ExponentialMomentMatrix.expBumpMomentMatrix_det_ne_zero,False,WRAPPER,NavierStokes/PowerMomentMatrix.lean:261 bumpMomentMatrix_det_ne_zero; :143 powerEvaluationMatrix_det_ne_zero,EXACT on A.1's invertibility for the power family; NO IN-CONE COUNTERPART for the exponential/log variant,"CHANGED (LEAN STRONGER -> EXACT, partial)","Display layer; only consumer is SmoothExponentialMomentMatrix.lean:69, also display-only.",align-B.md:21
16,D,"(prose, line 139) ; (prose, line 643)",NavierStokes/FinalSlowBase.lean,361,NavierStokes.FinalSlowBase.origin,True,WRAPPER,NavierStokes/FinalSlowBase.lean:356 leading_origin; NavierStokes/BaseResidual.lean:61 baseVelocity_at_origin,EXACT - `origin` is one rewrite of the two in-cone lemmas; the closed form the prose quotes follows from them,SAME,"`origin` (:361) is out of cone while its two inputs and its neighbours (:330 residual_identity, :335 error_jetRate, :372 axis_tendsto, :384 weighted_jets) are all in cone; the short name `origin` is ambiguous with ConstructedSlowBase.Modulated.origin, so grep alone overcounts consumers.",align-D.md:139 ; align-D.md:643
17,B,5.2 (Lemma),NavierStokes/FiveRowRank.lean,311,NavierStokes.FiveRowRank.exists_five_row_repair,True,WRAPPER,NavierStokes/GlobalSlowProfiles.lean:799 exists_step; :786 StepProperties; :758 Admissible; NavierStokes/PositiveOrderMoments.lean:77 rowDensity,EXACT - the five moment rows and the step construction are in cone; only the finite-rank repair packaging is not,SAME,Zero consumers.,align-B.md:17
18,B,A.9 (Lemma),NavierStokes/FlatPrimitivePaper.lean,76,NavierStokes.FlatPrimitivePaper.exists_factor_on_rectangle,False,WRAPPER,NavierStokes/ParametricFlatFactor.lean:222 factor_contDiff; NavierStokes/FlatPrimitiveFactor.lean:255 factor_contDiff,"LEAN WEAKER - the in-cone machinery gives the smooth parametric factor, but the paper's A.9 identity on the rectangle, B(p,0)=b(p,0)/c and the uniform jet bounds on K x [0,delta0] are stated only in the display file",CHANGED (LEAN STRONGER -> LEAN WEAKER),"NavierStokes/FlatPrimitivePaper.lean has exactly 2 declarations, both out of cone and out of the seeds' import closure; zero consumers.",align-B.md:29
19,A,4.8 (Lemma),NavierStokes/HeatedOutgoing.lean,875,NavierStokes.HeatedOutgoing.exists_heated_profile,True,WRAPPER,NavierStokes/ExtendedHeatedOutgoing.lean:81 exists_witness; NavierStokes/OutgoingProfile.lean:557 Specification,EXACT - the in-cone `exists_witness` supplies exactly the compensation witness the wrapper re-exports,SAME,"Chain ends at ExtendedHeatedOutgoing.lean:932 exists_fixed_schedule, out of cone.",align-A.md:38
20,C,8.4 (Proposition (integrated equations)),NavierStokes/IntegratedMeanBalances.lean,639,NavierStokes.IntegratedMeanBalances.integrated_angular_balance,True,WRAPPER,NavierStokes/StateMomentBalances.lean:626 integrated_angular_along; :661 integrated_axial_along; :767 state_angular_moment; :980 state_axial_moment,"LEAN STRONGER - the in-cone twin proves the same balance for an ARBITRARY direction pair (z,t) rather than the fixed coordinate direction (0,1), by the same proof",SAME (EXACT/LEAN STRONGER),"The whole 8.4 family in IntegratedMeanBalances.lean (:619 angularBalance, :629 axialBalance, :639, :674, :735, :833, :843, :931) is out of cone while every moment lemma it rests on (:122, :134, :196, :211, :321, :556) is in cone - the in-cone consumer is the StateMomentBalances twin.",align-C.md:41
21,C,6.3 (Lemma (number of relevant labels)),NavierStokes/LabelCounting.lean,231,NavierStokes.LabelCounting.pointwise_count,False,WRAPPER,(none found),NO IN-CONE COUNTERPART - no in-cone declaration counts relevant labels,SAME (align-C already flagged `off the headline path`),NavierStokes/LabelCounting.lean is 0/22 in cone and reachable only through PaperAdditionalResults.lean.,align-C.md:26
22,A,3.2 (Definition),NavierStokes/LeadingStress.lean,372,NavierStokes.LeadingStress.physicalVelocity,True,WRAPPER,NavierStokes/AxisymmetricFields.lean:27 radialEnergy; :29 profilePoint; NavierStokes/ProfileHistories.lean:303 Profiles,"NO IN-CONE COUNTERPART for the leading-stress physical velocity itself; the paper's 3.2 is routed around structurally, exactly as the first pass said",SAME (NO COUNTERPART - routed around),`physicalVelocity` (:372) is out of cone while its sibling `physicalPressure` (:376) is in cone; the whole leading-stress model velocity is used only inside LeadingStress.lean.,align-A.md:26
23,B,"(prose, line 461)",NavierStokes/LeadingStress.lean,458,NavierStokes.LeadingStress.theta_transport_stress,True,WRAPPER,NavierStokes/LeadingStress.lean:193 theta_transport_coefficient; :309 radialDivergence_pullback,NO IN-CONE COUNTERPART for the prose identity; the in-cone content is the coefficient/pullback algebra it is assembled from,SAME,"Single consumer is navierStokesResidual_tangential (:571), itself out of cone with zero consumers.",align-B.md:461
24,A,4.2 (Proposition),NavierStokes/LeadingStress.lean,571,NavierStokes.LeadingStress.navierStokesResidual_tangential,True,WRAPPER,NavierStokes/ConstructedSlowBase.lean:906 Modulated.residual_identity; NavierStokes/FinalSlowBase.lean:330 residual_identity,"NO IN-CONE COUNTERPART as stated - Proposition 4.2's identity (Cartesian NS residual = minus the weighted radial divergences of q^{-A-1/2} T0) has no in-cone statement; the in-cone residual identity is the different, coarser `navierStokesResidual = stressForce + error`",CHANGED (EXACT -> NO IN-CONE COUNTERPART),Zero consumers; both declarations align-A cites for 4.2 are out of cone.,align-A.md:29
25,A,4.6 (Theorem) ; C.3 (Proposition),NavierStokes/LeadingStressWeights.lean,1154,NavierStokes.LeadingStressWeights.exists_weighted_profile,True,WRAPPER,NavierStokes/FinalSlowBase.lean:619 ProfileData; :627 profileData_nonempty; NavierStokes/LeadingStressWeights.lean:1067 stress_zero_before; :1089 zeta; NavierStokes/ReservedPatches.lean:333 heated_fields,EXACT on 4.6/C.3's substance - the FullTrueCone + WeightedBounds + edge-factor package is a field of the in-cone ProfileData; only the existential restatement is out of cone,SAME,Zero consumers. Proof is one `obtain` from exists_modulated_profile plus three in-file lemmas.,align-A.md:35 ; align-A.md:46
26,D,9.1 (Proposition) ; 9.3 (Proposition),NavierStokes/LinearWaveBounds.lean,898,NavierStokes.LinearWaveBounds.constructed_linear_wave_with_flat_error,True,DEAD,NavierStokes/LinearWaveBounds.lean:833 constructed_linear_wave_with_excluded (5 consumers),"LEAN WEAKER - the carrier proves the WaveClass bound and the constructedGood/excludedSlotError decomposition, but NOT the paper's all-order flat error `forall N, UnweightedClass s N (excludedSlotError ...)`, which exists only behind the unsupplied `GaussianTailFlat.FlatEdges`",CHANGED (EXACT (partial) -> LEAN WEAKER),"Zero consumers; takes `GaussianTailFlat.FlatEdges` (confirmed unsupplied). The flat-error clause enters only through NavierStokes/LinearWaveBounds.lean:868 excludedSlotError_all_gains, used only at NavierStokes/ParticularWaveAssembly.lean:1547 LocalControl.gaussian_flat, which is itself out of cone inside a structure 25 of whose other field lemmas ARE in cone.",align-D.md:27 ; align-D.md:29
27,D,10.1 (Proposition),NavierStokes/LocalAngularGrowth.lean,60,NavierStokes.LocalAngularGrowth.localized_eq_raw,False,WRAPPER,NavierStokes/SpatialLocalization.lean:49 spatialCutoff; NavierStokes/TimeLocalization.lean:74 activatedVelocity_eq_late; NavierStokes/R3/ActualCandidate.lean:40 localized_residual_zero_early,"EXACT - split; the in-cone half of 10.1 is intact, the cited `localized_eq_raw` is a display-layer restatement of the same plateau identity",SAME,Display layer (LocalAngularGrowth.lean 0/18).,align-D.md:21
28,D,"(prose, line 84)",NavierStokes/LocalAngularGrowth.lean,238,NavierStokes.LocalAngularGrowth.selected_candidate_one_with_angular_growth,False,WRAPPER,NavierStokes/R3/ActualCandidate.lean:143 selected_candidate_one_with_initial_rest; NavierStokes/R3/ProblemStatement.lean:~111 CandidateProperties.speed_unbounded,LEAN WEAKER - the in-cone candidate carries only the qualitative `SpeedUnboundedAtOne`; the quantitative `AngularGrowth` rate (NavierStokes/LocalAngularGrowth.lean:180) has no in-cone counterpart,CHANGED (quantitative rate -> NO IN-CONE COUNTERPART),Zero consumers; display layer.,align-D.md:84
29,A,3.1 (Theorem),NavierStokes/LocalPaperHeat.lean,22,NavierStokes.LocalPaper.Properties.exterior_profile_smooth,False,WRAPPER,NavierStokes/R3CompactCandidate.lean:24 Properties; :248 of_localized_fields,NO IN-CONE COUNTERPART for the exterior heat-profile clauses of Theorem 3.1 (exterior_profile_smooth and the four sibling exterior lemmas),CHANGED (LEAN STRONGER -> partial: exterior clauses have no in-cone counterpart),NavierStokes/LocalPaperHeat.lean is 0/5 in cone and outside the seeds' import closure.,align-A.md:25
30,AD,3.1 (Theorem) ; 9.9 (Proposition),NavierStokes/LocalPaperTheorem.lean,53,NavierStokes.LocalPaper.Properties,False,WRAPPER,NavierStokes/R3CompactCandidate.lean:24 Properties; :248 of_localized_fields; :179 of_periodic_local_model,"LEAN WEAKER - `LocalPaper.Properties` bundles more (AwayExtensions, UniformJetsOnScaleStrips, all-order residual flatness, the exterior clause) than the in-cone `R3CompactCandidate.Properties` used on the headline route",CHANGED (LEAN STRONGER / EXACT -> LEAN WEAKER against the carrier),"LocalPaperTheorem.lean is 0/9 in cone; only R3CompactCandidate consumes the name, and those are different declarations in a different namespace.",align-A.md:25 ; align-D.md:35
31,D,"(prose, line 596)",NavierStokes/LocalPaperTheorem.lean,179,NavierStokes.LocalPaper.local_theorem,False,WRAPPER,NavierStokes/R3/ActualCandidate.lean:143 selected_candidate_one_with_initial_rest; NavierStokes/R3CompactCandidate.lean:248 of_localized_fields,EXACT on what the headline needs; the full `local_theorem` bundle is display-only,SAME,Its only textual reference is an import line (LocalPaperHeat.lean:8).,align-D.md:596
32,A,4.10 (Proposition),NavierStokes/MatchingDebtBounds.lean,887,NavierStokes.MatchingDebtBounds.exists_nominal_witness,True,WRAPPER,NavierStokes/NominalConeAssembly.lean:1517 exists_nominal_cone; NavierStokes/NominalProfile.lean:2481 Witness; :2536 Witness.five_moments,EXACT - the in-cone route obtains the same `NominalProfile.Witness` (with the five-moment certificate) constructively,SAME,"Chain: exists_nominal_witness -> exists_nominal_with_small_coefficients / nominal_witness_exists, both out of cone with no further consumers.",align-A.md:40
33,B,B.10 (Cor),NavierStokes/MatchingDebtBounds.lean,928,NavierStokes.MatchingDebtBounds.nominal_witness_exists,True,WRAPPER,NavierStokes/NominalConeAssembly.lean:1517 exists_nominal_cone; NavierStokes/NominalProfile.lean:2481 Witness,EXACT - B.10's inhabitation is supplied in cone by exists_nominal_cone rather than by this `Nonempty` wrapper,SAME,Zero consumers.,align-B.md:40
34,A,4.6 (Theorem) ; C.2 (Proposition),NavierStokes/ModulatedProfileAssembly.lean,1126,NavierStokes.ModulatedProfileAssembly.exists_modulated_profile,True,WRAPPER,NavierStokes/NominalConeAssembly.lean:1517 exists_nominal_cone; NavierStokes/ModulatedProfileAssembly.lean:1101 exists_of_certificate; :661 Witness.true_cone_from_nominal; NavierStokes/FinalSlowBase.lean:627 profileData_nonempty,"EXACT - `exists_modulated_profile` is the two-line composition of two in-cone theorems, and `profileData_nonempty` performs exactly that composition on the headline route",SAME,"Its only two consumers are the other two zero-consumer wrappers (ConstructedSlowBase:932, LeadingStressWeights:1154).",align-A.md:35 ; align-A.md:45
35,A,C.2 (Proposition),NavierStokes/ModulatedProfileJetRates.lean,347,NavierStokes.ModulatedProfileJetRates.exists_with_moment_repair_all_jets,False,WRAPPER,NavierStokes/ModulatedProfileAssembly.lean:619 Witness.rows_outside; :627 Witness.stocks_outside; :641 Witness.shears_outside; :661 Witness.true_cone_from_nominal,EXACT in substance - the four clauses C.2 needs are in-cone fields of the in-cone `Witness`; only the O(1/n) jet-rate packaging is display-only,"SAME, with the C/n jet bound newly flagged as out of cone","ModulatedProfileJetRates.lean 0/10 in cone, outside the seeds' import closure; zero consumers.",align-A.md:45
36,A,4.7 (2nd) (Lemma),NavierStokes/MomentRepairPicardConvergence.lean,21,NavierStokes.MomentRepairPicardConvergence.exists_small_solution_with_iterates,False,WRAPPER,NavierStokes/MomentRepair.lean:206 exists_unique_small_correction; :154 correctionIteration_norm_le; :173 correctionIteration_sub_le,"EXACT on existence/uniqueness/bound; the Picard-limit `Tendsto` clause has no in-cone statement (the in-cone theorem concludes `ExistsUnique`, not convergence of the iterates)","CHANGED (LEAN STRONGER -> EXACT, one clause out of cone)","Display layer; three consumers, all out of cone.",align-A.md:37
37,B,B.2 (Prop),NavierStokes/NaturalAxisJointAnalytic.lean,87,NavierStokes.NaturalEntrance.CoefficientProfile.natural_analytic,False,WRAPPER,NavierStokes/AxisContraction.lean:753 natural_axis_profiles; :731 coefficient_fixedPoint; NavierStokes/AnalyticCoefficientBounds.lean:315 uniform_normalizedExp_axisData,EXACT - the fixed-point construction and its analytic coefficient bounds are in cone; only the packaged analyticity of the four named profile fields is not,SAME,Display layer (NaturalAxisJointAnalytic.lean 0/9).,align-B.md:32
38,B,B.3 (Prop),NavierStokes/NaturalExitBounds.lean,130,NavierStokes.NaturalExitBounds.Estimates,False,WRAPPER,(none found),"NO IN-CONE COUNTERPART - none of B.3's exit estimates (phi_lower, source_lower, p1_lower, ns_error, cone_margin, parameter_jets) has an in-cone statement",CHANGED (LEAN STRONGER -> NO IN-CONE COUNTERPART),"NavierStokes/NaturalExitBounds.lean is 0/8 in cone and outside the seeds' import closure; searched `exists_exit`, `coneSize`, `Estimates`, `ideal_prefix_exit` and the NaturalEntrance/ReferenceBounds namespaces.",align-B.md:33
39,A,4.10 (Proposition),NavierStokes/NominalProfile.lean,2637,NavierStokes.NominalProfile.exists_assembly_threshold,True,WRAPPER,NavierStokes/NominalConeAssembly.lean:1517 exists_nominal_cone; NavierStokes/ExtendedHeatedOutgoing.lean:81 exists_witness,EXACT - the assembly threshold is supplied in cone by exists_witness inside exists_nominal_cone,SAME,Zero consumers.,align-A.md:40
40,C,7.7 (Lemma (exact curls)),NavierStokes/OscillatoryCurl.lean,160,NavierStokes.OscillatoryCurl.wave_eq,True,WRAPPER,NavierStokes/CurlClassBounds.lean:758 curlRemainder_waveClass,"LEAN WEAKER - the in-cone carrier gives the class bound on the curl remainder, but Lemma 7.7's EXACT curl identity and exact divergence-freeness have no in-cone statement",CHANGED (EXACT -> LEAN WEAKER),"In OscillatoryCurl.lean only the definitions and two periodicity lemmas are in cone; `wave_eq` (:160), `wave_divergence_free` (:188), `wave_tsupport_subset` (:224) and `wave_eq_stripped` (:274) are all out. The one place the exact-curl clause is used, NavierStokes/ParticularWaveAssembly.lean:1565 LocalControl.exact_curl, is itself out of cone.",align-C.md:36
41,A,3.3 (Definition),NavierStokes/OutgoingProfile.lean,640,NavierStokes.OutgoingProfile.exists_outgoing_profile,True,WRAPPER,NavierStokes/OutgoingProfile.lean:557 Specification; NavierStokes/ExtendedHeatedOutgoing.lean:81 exists_witness,EXACT - 3.3 is a prose convention; the nested-existential ordering the first pass pointed at is reproduced in cone by the same Specification/witness pair,SAME (NO COUNTERPART - routed around),"Chain ends at OutgoingDilation.lean:637 / ExtendedHeatedOutgoing.lean:932, both out of cone.",align-A.md:27
42,B,5.1 (Lemma),NavierStokes/PositiveAxisDifferential.lean,257,NavierStokes.PositiveAxisDifferential.positive_solution_unique,False,WRAPPER,NavierStokes/SlowRecursion.lean:1272 buildLocalHierarchy; :1256 LocalHierarchy; NavierStokes/ActualSlowAxis.lean:287 hierarchy,EXACT on 5.1's existence/regularity; NO IN-CONE COUNTERPART for the uniqueness clause in the larger competitor class,"CHANGED (LEAN STRONGER -> EXACT, uniqueness out of cone)",NavierStokes/PositiveAxisDifferential.lean is 0/21 in cone and outside the seeds' import closure; the apparent SimilarityCoordinates consumers are a distinct declaration with the same short name (NavierStokes/SimilarityCoordinates.lean:103).,align-B.md:16
43,B,A.2 (Lemma),NavierStokes/QuadraticLinearization.lean,12,NavierStokes.QuadraticLinearization.isInvertible,False,WRAPPER,NavierStokes/UniformAngularReset.lean:223 tangent_invertible; :273 exists_smooth_solver_on_ball,EXACT - the linearization-invertibility step is in cone in the reset-solver form,SAME,"QuadraticLinearization.lean has 1 declaration, out of cone and outside the import closure.",align-B.md:22
44,D,10.4 (Lemma),NavierStokes/R3/IntegratedDissipation.lean,143,NavierStokesR3.CompactEnergy.candidate_l2Norm_le_cumulativeForceNorm,True,ABOVE_SEED,NavierStokes/R3/ProblemStatement.lean:108 CandidateProperties.energy_bounded (UniformFiniteEnergy (Ico 0 1) u),"LEAN WEAKER - the only in-cone energy statement is the plain uniform L2 bound; Lemma 10.4's dissipation inequality (10.13), the L2-norm/force comparison and the integrability clauses are reached only above the seed",CHANGED (LEAN STRONGER -> LEAN WEAKER / NO IN-CONE COUNTERPART for (10.13)),"Consumed only by NavierStokes/R3/IntegratedDissipation.lean:183/:203 and thence by theorem_1_1_with_dissipation, which wraps the seed. The whole file is 0/8 in cone.",align-D.md:24
45,D,10.4 (Lemma),NavierStokes/R3/Theorem.lean,66,NavierStokesR3.theorem_1_1_with_dissipation,True,ABOVE_SEED,NavierStokes/R3/Theorem.lean:46 theorem_1_1 (the seed itself),"LEAN STRONGER than the seed but irrelevant to it - `theorem_1_1_with_dissipation` is `theorem_1_1` plus CompactEnergy.candidate_energy_estimates, so it implies the seed and cannot be below it",SAME (legitimately above the seed),Zero consumers; this is the reference ABOVE_SEED case.,align-D.md:24
46,B,B.7 (Lemma),NavierStokes/ReferenceEndpointRate.lean,275,NavierStokes.ReferenceEndpointRate.exists_entrance_envelope,False,WRAPPER,(none found),NO IN-CONE COUNTERPART - the entrance-envelope constants of B.7 have no in-cone statement,CHANGED (EXACT -> NO IN-CONE COUNTERPART),"NavierStokes/ReferenceEndpointRate.lean is 0/17 in cone and outside the seeds' import closure; zero consumers. Searched `endpointLog`, `endpointU`, `Cjoin`, `exists_linear_Ck_constants`.",align-B.md:37
47,B,B.4 (Lemma),NavierStokes/ReferenceUniformStocks.lean,414,NavierStokes.ReferenceUniformStocks.uniform_reference_quantities,False,WRAPPER,NavierStokes/ReferenceBounds.lean:1004 ReferenceBoundsOnHold; :1180 exists_reference_bounds,EXACT on the bounds half of B.4; NO IN-CONE COUNTERPART for the four `Uniform k` C^k families,"CHANGED (EXACT -> EXACT on bounds, C^k half out of cone)",ReferenceUniformStocks.lean is 0/41 in cone and outside the import closure.,align-B.md:34
48,A,4.8 (Lemma),NavierStokes/SchedulePressure.lean,175,NavierStokes.SchedulePressure.axisPressure_even,True,CENSUS_MISS (attribute blind spot),NavierStokes/SchedulePressure.lean:155 axisPressure_eq; :171 axisPressure_contDiff; NavierStokes/PressureDatum.lean:62 pressure_neg,EXACT - evenness holds definitionally for the in-cone `axisPressure` through `axisPressure_eq` + `PressureDatum.pressure_neg`,"SAME, but the cone verdict for this row is not decidable at name level","This is the ONLY one of the 64 rows carrying an implicit-use attribute: it is `@[simp]`, so `simp` can fire it anywhere in the cone without naming it - exactly cone.py's documented under-approximation. `axisPressure` itself is in cone and used in ~8 in-cone files.",align-A.md:38
49,A,4.3 (Lemma),NavierStokes/SeedHandbackJets.lean,94,NavierStokes.SeedHandbackJets.stocks_formulas,False,WRAPPER,NavierStokes/StressAlgebra.lean:238 angular_integrated_lag; :255 axial_integrated_lag,"EXACT - both displayed formulas of (4.16) are in cone in the StressAlgebra rendering; only the second, definitional SeedHandbackJets rendering is not",SAME,NavierStokes/SeedHandbackJets.lean is 0/40 in cone and outside the seeds' import closure; zero consumers.,align-A.md:30
50,A,4.4(ii) (Lemma),NavierStokes/SeedHandbackJets.lean,354,NavierStokes.SeedHandbackJets.profile_comparison_norm,False,WRAPPER,(none found),NO IN-CONE COUNTERPART - the profile-comparison estimate (4.17) has no in-cone statement,CHANGED (EXACT -> NO IN-CONE COUNTERPART),"Both declarations align-A cites (:354 profile_comparison_norm, :269 profile_comparison) are in the display-only SeedHandbackJets.lean; searched `outputDifference`, `fieldDifference`, `historyDifference`, `parameterNorm` repository-wide - they occur only in that file.",align-A.md:32
51,C,7.8 (Corollary (covariance expansion)),NavierStokes/SignedCovariance.lean,409,NavierStokes.SignedCovariance.physical_signed_cross_covariance,True,DEAD,NavierStokes/SignedCovariance.lean:312 cross_reconstruct_component; :623 increment_wave_class; :569 signed_quotient_class,EXACT in substance / NO SINGLE COUNTERPART - the pointwise reconstruction (7.41) and the class bounds (7.42) are in cone separately; the assembled and physical covariance identities are not,SAME (the first pass already said `no one declaration states (7.41)+(7.42) together`),The consumer chain terminates in NavierStokes/CorrectionStep.lean:7716 nativeSignedStage_mean_debt (takes the unsupplied `ActualWaveRegularity.NativeData`) and CorrectionStep.CycleParameters.mean_gain_from_waves (takes the unsupplied `DefectIncrementBounds.RankGeometry`).,align-C.md:37
52,C,8.5 (Corollary (covariance targets)),NavierStokes/SignedStressPrimitive.lean,1014,NavierStokes.SignedStressPrimitive.axial_bump_identity,True,WRAPPER,NavierStokes/SignedStressPrimitive.lean:506 bump_improvedClass_of_moment_identity; NavierStokes/StateMomentBalances.lean:1081 state_angular_bump_improvedClass; :1096 state_axial_bump_improvedClass,EXACT - the generic bump-order lemma and the state-level angular/axial improved-class theorems in cone carry 8.5's content,SAME,"The four cited bump identities (:1014, :1030, :1047, :1066) are out of cone, as are the two at :991; the in-cone consumers are the StateMomentBalances versions.",align-C.md:42
53,B,A.1 (Lemma),NavierStokes/SmoothExponentialMomentMatrix.lean,80,NavierStokes.SmoothExponentialMomentMatrix.Family.matrix_inverse_contDiffOn,False,WRAPPER,NavierStokes/PowerMomentMatrix.lean:261 bumpMomentMatrix_det_ne_zero,NO IN-CONE COUNTERPART for the smooth-inverse half of A.1 (matrix inverse ContDiffOn in the parameter),"CHANGED (LEAN STRONGER -> invertibility EXACT, smooth-inverse half out of cone)","SmoothExponentialMomentMatrix.lean 0/8, outside the seeds' import closure.",align-B.md:21
54,B,A.1 (Lemma),NavierStokes/SmoothPowerMomentMatrix.lean,178,NavierStokes.SmoothPowerMomentMatrix.Family.matrix_inverse_contDiffOn,False,WRAPPER,NavierStokes/PowerMomentMatrix.lean:261 bumpMomentMatrix_det_ne_zero,NO IN-CONE COUNTERPART for the smooth-inverse half of A.1,CHANGED (as row 53),"SmoothPowerMomentMatrix.lean 0/12, outside the seeds' import closure.",align-B.md:21
55,A,4.7 (1st) (Lemma),NavierStokes/SmoothPowerMomentMatrix.lean,197,NavierStokes.SmoothPowerMomentMatrix.Family.compact_inverse_jets_bound,False,WRAPPER,NavierStokes/PowerMomentMatrix.lean:261 bumpMomentMatrix_det_ne_zero; :29 expSum,NO IN-CONE COUNTERPART for 4.7(1st)'s `inverse and every fixed parameter jet bounded on a compact family` clause,CHANGED (LEAN STRONGER -> NO IN-CONE COUNTERPART for the jet-bound clause),"Only consumer is the exponential twin at SmoothExponentialMomentMatrix.lean:98, also display-only.",align-A.md:36
56,A,4.2 (Proposition),NavierStokes/StressAlgebra.lean,316,NavierStokes.StressAlgebra.stressFree_angular_lag_algebra,True,WRAPPER,(none found),"NO IN-CONE COUNTERPART - the stress-free substitution algebra of (7)->(8) has no in-cone statement, and neither does the 4.2 residual identity it feeds (row 24)",CHANGED (EXACT -> NO IN-CONE COUNTERPART),"Zero consumers; its in-file siblings :324, :330, :338 are also out of cone, while :238/:255 (Lemma 4.3) are in cone.",align-A.md:29
57,B,A.10 (Prop),NavierStokes/TerminalEdgeFactor.lean,1595,NavierStokes.TerminalEdgeFactor.physicalStress_factorization,True,WRAPPER,NavierStokes/TerminalEdgeFactor.lean:1467 profile_uniform_cone; :1562 profile_relative_cone; :1440 profileConeGap_zero; NavierStokes/TerminalCone.lean:398 profile_cone_margin; :452 profile_full_true_cone,EXACT on A.10's cone/margin content (including the closed endpoint delta = 0); NO IN-CONE COUNTERPART for the physical (q-scaled) stress factorization (A.48)-(A.50) and the (A.51) jet bound,"CHANGED (EXACT -> EXACT on the cone half, factorization half out of cone)","The three consumers (:1607 physicalStress_jets, :1618 physicalStress_contDiff, :1631 physicalStress_of_nonpos) are all out of cone.",align-B.md:30
58,B,A.10 (Prop),NavierStokes/TerminalEdgePaper.lean,16,NavierStokes.TerminalEdgePaper.profileStress_lower_bound,False,WRAPPER,NavierStokes/TerminalEdgeFactor.lean:1467 profile_uniform_cone,EXACT - the (A.51) lower bound is literally `obtain := profile_uniform_cone` and that in-cone theorem already carries it,SAME,"NavierStokes/TerminalEdgePaper.lean has 1 declaration, out of cone and outside the import closure; zero consumers.",align-B.md:30
59,C,6.2 (Lemma (common torus)),NavierStokes/TorusCoverDegree.lean,208,NavierStokes.TorusCoverDegree.card_fiber,False,WRAPPER,NavierStokes/TorusAverages.lean:94 integral_torusCovering_iterate,NO IN-CONE COUNTERPART for the 14^d fibre count and the sheetwise bijection; the in-cone half is only the Haar-agreement (6.19),CHANGED (LEAN STRONGER / partly routed around -> NO IN-CONE COUNTERPART for the counting half),NavierStokes/TorusCoverDegree.lean is 0/35 in cone and outside the seeds' import closure; zero consumers.,align-C.md:25
60,C,6.2 (Lemma (common torus)),NavierStokes/TorusCoverLattice.lean,59,NavierStokes.TorusCoverLattice.indexHom_range_index,False,WRAPPER,NavierStokes/TorusAverages.lean:94 integral_torusCovering_iterate,"NO IN-CONE COUNTERPART - the lattice index 14 is used only by the counting half, which is out of cone",CHANGED (as row 59),"TorusCoverLattice.lean 0/17 in cone, outside the import closure.",align-C.md:25
61,A,4.11 (Lemma),NavierStokes/TrueConeLoop.lean,765,NavierStokes.TrueConeLoop.exists_compact_trueCone_family_with_margin,True,WRAPPER,NavierStokes/TrueConeLoop.lean:658 family_pointwise_properties; :714 family_joint_contDiffOn; :459 exists_family_choices; :372 constructed_trueCone; :346 constructed_means,"LEAN WEAKER - the in-cone carrier gives periodicity, the two prescribed means, joint smoothness and the strict `InTrueCone` at every phase, but NOT the uniform cone margin: `HasConeMargin` (:283) occurs nowhere in cone","CHANGED (LEAN WEAKER (hypothesis only) -> LEAN WEAKER, and now on the conclusion too)","Its single consumer is TrueConeLoopPaper.lean:21, in the display layer.",align-A.md:41
62,A,4.5 (2nd) (Lemma),NavierStokes/UniformCone.lean,148,NavierStokes.UniformCone.compact_equation_eleven,True,WRAPPER,NavierStokes/UniformCone.lean:176 compact_equation_eleven_gap; :62 compact_normalized_cone,"LEAN STRONGER - the in-cone `_gap` version is the additive-gap strengthening the first pass called the extra, so the strong form is the one on the headline route",SAME (LEAN STRONGER),"Only consumer is SeedConePaper.lean:48, in the display layer.",align-A.md:34
63,C,8.2 (Lemma (compact radial primitive)),NavierStokes/UniformFourierAlias.lean,1134,NavierStokes.UniformFourierAlias.meanClass_alias_superflat,True,WRAPPER,NavierStokes/UniformFourierAlias.lean:1193 real_exactAlias_finiteJets,"EXACT - the carrier gives, for every jet order m and every gain order p, the bound K*C*|M|^{-p} with no uniformity in p, which is exactly (8.8) as the paper states it; only the epsilon^N `superflat` repackaging is out of cone",SAME,"All five `*_alias_superflat` variants (:1134, :1230, :1256, :1278, :1309) are out of cone; the in-cone carrier is one level below them.",align-C.md:39
64,B,A.2 (Lemma),NavierStokes/UniformQuadraticBranch.lean,131,NavierStokes.UniformQuadraticBranch.exists_smooth_small_branch,False,WRAPPER,NavierStokes/UniformAngularReset.lean:273 exists_smooth_solver_on_ball,LEAN WEAKER - the in-cone smooth solver is on a ball in the datum with a C0 bound; the uniform-over-S smooth branch with the ||c|| <= 2*nu*delta bound and ball uniqueness is display-only,CHANGED (EXACT -> LEAN WEAKER),"UniformQuadraticBranch.lean 0/4 in cone, outside the seeds' import closure.",align-B.md:22
